instruction_id,program_semester_id,course_id,class_id,is_required,num_student,num_pass_student,num_fail_student,avg_final_score,instruction_status,instruction_allocate,instruction_time_start,instruction_time_end,last_modified_date,etl_date
474,K16DS_1,116570,13,True,60,58,2,9.5,completed,2020-07-26,2020-08-03,2020-12-01,2020-12-08,2020-12-15
475,K16DS_1,116570,63,True,60,60,0,7.0,completed,2020-07-29,2020-08-03,2020-12-01,2020-12-08,2020-12-15
476,K16DS_1,116570,62,True,60,59,1,7.6,completed,2020-07-25,2020-08-04,2020-12-02,2020-12-09,2020-12-16
477,K16DS_1,116570,33,True,60,59,1,9.4,completed,2020-07-23,2020-08-10,2020-12-08,2020-12-15,2020-12-22
478,K16DS_1,116570,15,True,60,60,0,8.5,completed,2020-07-20,2020-08-08,2020-12-06,2020-12-13,2020-12-20
479,K16DS_1,116570,35,True,60,60,0,9.5,completed,2020-07-27,2020-08-13,2020-12-11,2020-12-18,2020-12-25
480,K16DS_1,116570,30,True,0,0,0,,cannot_open,2020-07-28,2020-08-02,,2020-12-07,2020-12-14
481,K16DS_1,116844,66,True,0,0,0,,cannot_open,2020-07-28,2020-08-09,,2020-12-14,2020-12-21
482,K16DS_1,116844,74,True,0,0,0,,cannot_open,2020-07-19,2020-08-09,,2020-12-14,2020-12-21
483,K16DS_1,116844,69,True,0,0,0,,cannot_open,2020-07-24,2020-08-09,,2020-12-14,2020-12-21
484,K16DS_1,116844,75,True,0,0,0,,cannot_open,2020-07-25,2020-08-12,,2020-12-17,2020-12-24
485,K16DS_1,116844,25,True,0,0,0,,cannot_open,2020-07-19,2020-08-06,,2020-12-11,2020-12-18
486,K16DS_1,116576,316,True,0,0,0,,cannot_open,2020-07-28,2020-08-02,,2020-12-07,2020-12-14
487,K16DS_1,116576,128,True,0,0,0,,cannot_open,2020-07-28,2020-08-02,,2020-12-07,2020-12-14
488,K16DS_1,116576,184,True,0,0,0,,cannot_open,2020-07-29,2020-08-15,,2020-12-20,2020-12-27
489,K16DS_1,116576,326,True,0,0,0,,cannot_open,2020-07-26,2020-08-02,,2020-12-07,2020-12-14
490,K16DS_1,116576,112,True,0,0,0,,cannot_open,2020-07-19,2020-08-10,,2020-12-15,2020-12-22
491,K16DS_1,116576,221,True,0,0,0,,cannot_open,2020-07-31,2020-08-02,,2020-12-07,2020-12-14
492,K16DS_1,116576,160,True,0,0,0,,cannot_open,2020-08-01,2020-08-05,,2020-12-10,2020-12-17
493,K16DS_1,116569,63,True,0,0,0,,cannot_open,2020-07-20,2020-08-10,,2020-12-15,2020-12-22
494,K16DS_1,116569,15,True,0,0,0,,cannot_open,2020-07-25,2020-08-03,,2020-12-08,2020-12-15
495,K16DS_1,116569,76,True,0,0,0,,cannot_open,2020-07-26,2020-08-03,,2020-12-08,2020-12-15
496,K16DS_1,116569,34,True,0,0,0,,cannot_open,2020-07-20,2020-08-09,,2020-12-14,2020-12-21
497,K16DS_1,116569,14,True,0,0,0,,cannot_open,2020-07-21,2020-08-12,,2020-12-17,2020-12-24
498,K16DS_1,116569,27,True,0,0,0,,cannot_open,2020-07-22,2020-08-09,,2020-12-14,2020-12-21
499,K16DS_1,116567,159,True,0,0,0,,cannot_open,2020-07-31,2020-08-01,,2020-12-06,2020-12-13
500,K16DS_1,116567,231,True,0,0,0,,cannot_open,2020-07-22,2020-08-11,,2020-12-16,2020-12-23
501,K16DS_1,116567,281,True,0,0,0,,cannot_open,2020-07-30,2020-08-10,,2020-12-15,2020-12-22
502,K16DS_1,116567,109,True,0,0,0,,cannot_open,2020-07-23,2020-08-05,,2020-12-10,2020-12-17
503,K16DS_1,116567,293,True,0,0,0,,cannot_open,2020-07-29,2020-08-06,,2020-12-11,2020-12-18
504,K16DS_1,116567,261,True,0,0,0,,cannot_open,2020-07-18,2020-08-07,,2020-12-12,2020-12-19
505,K16DS_1,116568,281,True,0,0,0,,cannot_open,2020-07-29,2020-08-12,,2020-12-17,2020-12-24
506,K16DS_1,116568,344,True,0,0,0,,cannot_open,2020-07-26,2020-08-14,,2020-12-19,2020-12-26
507,K16DS_1,116568,186,True,0,0,0,,cannot_open,2020-07-18,2020-08-11,,2020-12-16,2020-12-23
508,K16DS_1,116568,335,True,0,0,0,,cannot_open,2020-07-22,2020-08-06,,2020-12-11,2020-12-18
509,K16DS_1,116568,138,True,0,0,0,,cannot_open,2020-07-19,2020-08-03,,2020-12-08,2020-12-15
510,K16DS_1,116571,206,True,0,0,0,,cannot_open,2020-07-29,2020-08-06,,2020-12-11,2020-12-18
511,K16DS_1,116571,249,True,0,0,0,,cannot_open,2020-08-01,2020-08-06,,2020-12-11,2020-12-18
512,K16DS_1,116571,150,True,0,0,0,,cannot_open,2020-07-21,2020-08-08,,2020-12-13,2020-12-20
513,K16DS_1,116571,281,True,0,0,0,,cannot_open,2020-07-19,2020-08-04,,2020-12-09,2020-12-16
514,K16DS_1,116571,241,True,0,0,0,,cannot_open,2020-07-19,2020-08-07,,2020-12-12,2020-12-19
515,K16DS_1,117985,50,True,0,0,0,,cannot_open,2020-07-25,2020-08-04,,2020-12-09,2020-12-16
516,K16DS_1,117985,24,True,0,0,0,,cannot_open,2020-07-21,2020-08-05,,2020-12-10,2020-12-17
517,K16DS_1,117985,19,True,0,0,0,,cannot_open,2020-07-22,2020-08-06,,2020-12-11,2020-12-18
518,K16DS_1,117985,76,True,0,0,0,,cannot_open,2020-07-24,2020-08-05,,2020-12-10,2020-12-17
519,K16DS_1,117985,37,True,0,0,0,,cannot_open,2020-07-21,2020-08-12,,2020-12-17,2020-12-24
520,K16DS_2,116578,338,True,60,60,0,7.6,completed,2020-12-18,2021-01-08,2021-05-08,2021-05-15,2021-05-22
521,K16DS_2,116578,41,True,60,60,0,7.8,completed,2020-12-19,2021-01-08,2021-05-08,2021-05-15,2021-05-22
522,K16DS_2,116578,210,True,60,60,0,8.8,completed,2020-12-26,2021-01-06,2021-05-06,2021-05-13,2021-05-20
523,K16DS_2,116578,136,True,0,0,0,,cannot_open,2020-12-24,2021-01-07,,2021-05-14,2021-05-21
524,K16DS_2,116578,238,True,0,0,0,,cannot_open,2020-12-19,2021-01-04,,2021-05-11,2021-05-18
525,K16DS_2,116578,112,True,0,0,0,,cannot_open,2020-12-29,2021-01-03,,2021-05-10,2021-05-17
526,K16DS_2,116578,151,True,0,0,0,,cannot_open,2020-12-26,2021-01-14,,2021-05-21,2021-05-28
527,K16DS_2,116577,208,True,0,0,0,,cannot_open,2020-12-28,2021-01-01,,2021-05-08,2021-05-15
528,K16DS_2,116577,136,True,0,0,0,,cannot_open,2020-12-18,2021-01-06,,2021-05-13,2021-05-20
529,K16DS_2,116577,127,True,0,0,0,,cannot_open,2020-12-31,2021-01-12,,2021-05-19,2021-05-26
530,K16DS_2,116577,223,True,0,0,0,,cannot_open,2020-12-18,2021-01-13,,2021-05-20,2021-05-27
531,K16DS_2,116577,130,True,0,0,0,,cannot_open,2020-12-29,2021-01-02,,2021-05-09,2021-05-16
532,K16DS_2,116577,182,True,0,0,0,,cannot_open,2020-12-21,2021-01-14,,2021-05-21,2021-05-28
533,K16DS_2,116577,258,True,0,0,0,,cannot_open,2020-12-20,2021-01-15,,2021-05-22,2021-05-29
534,K16DS_2,116579,75,True,0,0,0,,cannot_open,2020-12-25,2021-01-14,,2021-05-21,2021-05-28
535,K16DS_2,116579,62,True,0,0,0,,cannot_open,2020-12-20,2021-01-13,,2021-05-20,2021-05-27
536,K16DS_2,116579,67,True,0,0,0,,cannot_open,2020-12-19,2021-01-10,,2021-05-17,2021-05-24
537,K16DS_2,116579,9,True,0,0,0,,cannot_open,2020-12-24,2021-01-06,,2021-05-13,2021-05-20
538,K16DS_2,116579,22,True,0,0,0,,cannot_open,2020-12-27,2021-01-05,,2021-05-12,2021-05-19
539,K16DS_2,116579,35,True,0,0,0,,cannot_open,2020-12-27,2021-01-10,,2021-05-17,2021-05-24
540,K16DS_2,116575,276,True,0,0,0,,cannot_open,2020-12-25,2021-01-01,,2021-05-08,2021-05-15
541,K16DS_2,116575,321,True,0,0,0,,cannot_open,2020-12-20,2021-01-10,,2021-05-17,2021-05-24
542,K16DS_2,116575,296,True,0,0,0,,cannot_open,2020-12-30,2021-01-05,,2021-05-12,2021-05-19
543,K16DS_2,116575,262,True,0,0,0,,cannot_open,2020-12-19,2021-01-04,,2021-05-11,2021-05-18
544,K16DS_2,116575,316,True,0,0,0,,cannot_open,2020-12-29,2021-01-08,,2021-05-15,2021-05-22
545,K16DS_2,116575,236,True,0,0,0,,cannot_open,2020-12-28,2021-01-04,,2021-05-11,2021-05-18
546,K16DS_2,116573,228,True,0,0,0,,cannot_open,2020-12-27,2021-01-06,,2021-05-13,2021-05-20
547,K16DS_2,116573,353,True,0,0,0,,cannot_open,2021-01-01,2021-01-04,,2021-05-11,2021-05-18
548,K16DS_2,116573,286,True,0,0,0,,cannot_open,2020-12-30,2021-01-03,,2021-05-10,2021-05-17
549,K16DS_2,116573,136,True,0,0,0,,cannot_open,2020-12-29,2021-01-15,,2021-05-22,2021-05-29
550,K16DS_2,116573,243,True,0,0,0,,cannot_open,2020-12-21,2021-01-11,,2021-05-18,2021-05-25
551,K16DS_2,116573,291,True,0,0,0,,cannot_open,2020-12-30,2021-01-11,,2021-05-18,2021-05-25
552,K16DS_2,117986,74,True,0,0,0,,cannot_open,2021-01-01,2021-01-02,,2021-05-09,2021-05-16
553,K16DS_2,117986,31,True,0,0,0,,cannot_open,2020-12-25,2021-01-04,,2021-05-11,2021-05-18
554,K16DS_2,117986,35,True,0,0,0,,cannot_open,2020-12-24,2021-01-03,,2021-05-10,2021-05-17
555,K16DS_2,117986,27,True,0,0,0,,cannot_open,2020-12-18,2021-01-08,,2021-05-15,2021-05-22
556,K16DS_2,117986,21,True,0,0,0,,cannot_open,2020-12-28,2021-01-04,,2021-05-11,2021-05-18
557,K16DS_2,117986,1,True,0,0,0,,cannot_open,2020-12-29,2021-01-12,,2021-05-19,2021-05-26
558,K16DS_2,116801,268,False,0,0,0,,cannot_open,2020-12-20,2021-01-12,,2021-05-19,2021-05-26
559,K16DS_2,116801,91,False,0,0,0,,cannot_open,2020-12-21,2021-01-09,,2021-05-16,2021-05-23
560,K16DS_2,116801,169,False,0,0,0,,cannot_open,2020-12-27,2021-01-15,,2021-05-22,2021-05-29
561,K16DS_2,116801,47,False,0,0,0,,cannot_open,2020-12-18,2021-01-12,,2021-05-19,2021-05-26
562,K16DS_2,116801,314,False,0,0,0,,cannot_open,2020-12-26,2021-01-12,,2021-05-19,2021-05-26
563,K16DS_2,116801,177,False,0,0,0,,cannot_open,2020-12-21,2021-01-04,,2021-05-11,2021-05-18
564,K16DS_2,116801,250,False,60,60,0,9.3,completed,2020-12-26,2021-01-15,2021-05-15,2021-05-22,2021-05-29
565,K16DS_2,116802,246,False,0,0,0,,cannot_open,2020-12-31,2021-01-03,,2021-05-10,2021-05-17
566,K16DS_2,116802,85,False,0,0,0,,cannot_open,2020-12-26,2021-01-06,,2021-05-13,2021-05-20
567,K16DS_2,116802,197,False,0,0,0,,cannot_open,2020-12-29,2021-01-14,,2021-05-21,2021-05-28
568,K16DS_2,116802,220,False,0,0,0,,cannot_open,2020-12-30,2021-01-13,,2021-05-20,2021-05-27
569,K16DS_2,116802,112,False,0,0,0,,cannot_open,2020-12-29,2021-01-02,,2021-05-09,2021-05-16
570,K16DS_2,116799,274,False,0,0,0,,cannot_open,2020-12-19,2021-01-01,,2021-05-08,2021-05-15
571,K16DS_2,116799,220,False,0,0,0,,cannot_open,2020-12-26,2021-01-11,,2021-05-18,2021-05-25
572,K16DS_2,116799,249,False,0,0,0,,cannot_open,2020-12-22,2021-01-14,,2021-05-21,2021-05-28
573,K16DS_2,116799,237,False,0,0,0,,cannot_open,2020-12-18,2021-01-09,,2021-05-16,2021-05-23
574,K16DS_2,116799,221,False,0,0,0,,cannot_open,2020-12-27,2021-01-13,,2021-05-20,2021-05-27
575,K16DS_2,116799,333,False,0,0,0,,cannot_open,2020-12-24,2021-01-06,,2021-05-13,2021-05-20
576,K16DS_2,116799,96,False,0,0,0,,cannot_open,2020-12-22,2021-01-07,,2021-05-14,2021-05-21
577,K16DS_2,116800,164,False,0,0,0,,cannot_open,2020-12-20,2021-01-14,,2021-05-21,2021-05-28
578,K16DS_2,116800,186,False,0,0,0,,cannot_open,2020-12-25,2021-01-01,,2021-05-08,2021-05-15
579,K16DS_2,116800,182,False,0,0,0,,cannot_open,2020-12-20,2021-01-11,,2021-05-18,2021-05-25
580,K16DS_2,116800,118,False,0,0,0,,cannot_open,2020-12-25,2021-01-15,,2021-05-22,2021-05-29
581,K16DS_2,116800,269,False,0,0,0,,cannot_open,2020-12-28,2021-01-15,,2021-05-22,2021-05-29
582,K16DS_2,116798,164,False,0,0,0,,cannot_open,2020-12-30,2021-01-03,,2021-05-10,2021-05-17
583,K16DS_2,116798,90,False,0,0,0,,cannot_open,2020-12-20,2021-01-09,,2021-05-16,2021-05-23
584,K16DS_2,116798,195,False,0,0,0,,cannot_open,2020-12-29,2021-01-15,,2021-05-22,2021-05-29
585,K16DS_2,116798,279,False,0,0,0,,cannot_open,2020-12-22,2021-01-05,,2021-05-12,2021-05-19
586,K16DS_2,116798,215,False,0,0,0,,cannot_open,2020-12-27,2021-01-02,,2021-05-09,2021-05-16
587,K16DS_2,116798,190,False,0,0,0,,cannot_open,2020-12-27,2021-01-01,,2021-05-08,2021-05-15
588,K16DS_3,116589,35,True,60,60,0,8.7,completed,2021-07-30,2021-08-15,2021-12-13,2021-12-20,2021-12-27
589,K16DS_3,116589,55,True,60,60,0,8.9,completed,2021-07-24,2021-08-11,2021-12-09,2021-12-16,2021-12-23
590,K16DS_3,116589,75,True,60,60,0,8.4,completed,2021-07-26,2021-08-07,2021-12-05,2021-12-12,2021-12-19
591,K16DS_3,116589,50,True,60,60,0,8.0,completed,2021-07-22,2021-08-08,2021-12-06,2021-12-13,2021-12-20
592,K16DS_3,116589,25,True,60,60,0,9.9,completed,2021-07-18,2021-08-01,2021-11-29,2021-12-06,2021-12-13
593,K16DS_3,116589,40,True,60,60,0,9.4,completed,2021-07-21,2021-08-12,2021-12-10,2021-12-17,2021-12-24
594,K16DS_3,116587,290,True,0,0,0,,cannot_open,2021-07-24,2021-08-12,,2021-12-17,2021-12-24
595,K16DS_3,116587,194,True,0,0,0,,cannot_open,2021-07-31,2021-08-15,,2021-12-20,2021-12-27
596,K16DS_3,116587,105,True,0,0,0,,cannot_open,2021-07-31,2021-08-08,,2021-12-13,2021-12-20
597,K16DS_3,116587,137,True,0,0,0,,cannot_open,2021-08-01,2021-08-13,,2021-12-18,2021-12-25
598,K16DS_3,116587,215,True,0,0,0,,cannot_open,2021-07-22,2021-08-03,,2021-12-08,2021-12-15
599,K16DS_3,116587,192,True,0,0,0,,cannot_open,2021-07-23,2021-08-03,,2021-12-08,2021-12-15
600,K16DS_3,116588,237,True,0,0,0,,cannot_open,2021-07-28,2021-08-04,,2021-12-09,2021-12-16
601,K16DS_3,116588,340,True,0,0,0,,cannot_open,2021-07-19,2021-08-04,,2021-12-09,2021-12-16
602,K16DS_3,116588,146,True,0,0,0,,cannot_open,2021-07-28,2021-08-03,,2021-12-08,2021-12-15
603,K16DS_3,116588,261,True,0,0,0,,cannot_open,2021-07-21,2021-08-08,,2021-12-13,2021-12-20
604,K16DS_3,116588,208,True,0,0,0,,cannot_open,2021-07-27,2021-08-03,,2021-12-08,2021-12-15
605,K16DS_3,116588,173,True,0,0,0,,cannot_open,2021-07-22,2021-08-09,,2021-12-14,2021-12-21
606,K16DS_3,116588,174,True,0,0,0,,cannot_open,2021-07-31,2021-08-03,,2021-12-08,2021-12-15
607,K16DS_3,116591,28,True,0,0,0,,cannot_open,2021-07-19,2021-08-05,,2021-12-10,2021-12-17
608,K16DS_3,116591,52,True,0,0,0,,cannot_open,2021-07-26,2021-08-03,,2021-12-08,2021-12-15
609,K16DS_3,116591,31,True,0,0,0,,cannot_open,2021-07-30,2021-08-01,,2021-12-06,2021-12-13
610,K16DS_3,116591,72,True,0,0,0,,cannot_open,2021-07-21,2021-08-03,,2021-12-08,2021-12-15
611,K16DS_3,116591,38,True,0,0,0,,cannot_open,2021-07-23,2021-08-13,,2021-12-18,2021-12-25
612,K16DS_3,116591,36,True,0,0,0,,cannot_open,2021-07-25,2021-08-13,,2021-12-18,2021-12-25
613,K16DS_3,116574,337,True,0,0,0,,cannot_open,2021-07-27,2021-08-08,,2021-12-13,2021-12-20
614,K16DS_3,116574,253,True,0,0,0,,cannot_open,2021-07-25,2021-08-03,,2021-12-08,2021-12-15
615,K16DS_3,116574,136,True,0,0,0,,cannot_open,2021-07-30,2021-08-10,,2021-12-15,2021-12-22
616,K16DS_3,116574,291,True,0,0,0,,cannot_open,2021-08-01,2021-08-08,,2021-12-13,2021-12-20
617,K16DS_3,116574,341,True,0,0,0,,cannot_open,2021-07-21,2021-08-04,,2021-12-09,2021-12-16
618,K16DS_3,116574,334,True,0,0,0,,cannot_open,2021-07-22,2021-08-15,,2021-12-20,2021-12-27
619,K16DS_3,116586,306,True,0,0,0,,cannot_open,2021-07-29,2021-08-05,,2021-12-10,2021-12-17
620,K16DS_3,116586,48,True,0,0,0,,cannot_open,2021-07-28,2021-08-06,,2021-12-11,2021-12-18
621,K16DS_3,116586,315,True,0,0,0,,cannot_open,2021-07-30,2021-08-10,,2021-12-15,2021-12-22
622,K16DS_3,116586,82,True,0,0,0,,cannot_open,2021-07-30,2021-08-02,,2021-12-07,2021-12-14
623,K16DS_3,116586,354,True,0,0,0,,cannot_open,2021-07-18,2021-08-12,,2021-12-17,2021-12-24
624,K16DS_3,116586,339,True,0,0,0,,cannot_open,2021-07-22,2021-08-06,,2021-12-11,2021-12-18
625,K16DS_3,116585,327,False,0,0,0,,cannot_open,2021-07-20,2021-08-11,,2021-12-16,2021-12-23
626,K16DS_3,116585,121,False,0,0,0,,cannot_open,2021-07-21,2021-08-06,,2021-12-11,2021-12-18
627,K16DS_3,116585,282,False,0,0,0,,cannot_open,2021-07-19,2021-08-07,,2021-12-12,2021-12-19
628,K16DS_3,116585,41,False,0,0,0,,cannot_open,2021-07-31,2021-08-13,,2021-12-18,2021-12-25
629,K16DS_3,116585,113,False,0,0,0,,cannot_open,2021-07-19,2021-08-12,,2021-12-17,2021-12-24
630,K16DS_3,116580,332,False,0,0,0,,cannot_open,2021-07-23,2021-08-09,,2021-12-14,2021-12-21
631,K16DS_3,116580,201,False,0,0,0,,cannot_open,2021-07-27,2021-08-13,,2021-12-18,2021-12-25
632,K16DS_3,116580,133,False,0,0,0,,cannot_open,2021-07-28,2021-08-09,,2021-12-14,2021-12-21
633,K16DS_3,116580,294,False,0,0,0,,cannot_open,2021-07-27,2021-08-09,,2021-12-14,2021-12-21
634,K16DS_3,116580,82,False,0,0,0,,cannot_open,2021-07-28,2021-08-08,,2021-12-13,2021-12-20
635,K16DS_3,116580,357,False,0,0,0,,cannot_open,2021-07-26,2021-08-11,,2021-12-16,2021-12-23
636,K16DS_3,116580,258,False,0,0,0,,cannot_open,2021-07-23,2021-08-14,,2021-12-19,2021-12-26
637,K16DS_3,116581,306,False,0,0,0,,cannot_open,2021-07-18,2021-08-07,,2021-12-12,2021-12-19
638,K16DS_3,116581,332,False,0,0,0,,cannot_open,2021-07-24,2021-08-02,,2021-12-07,2021-12-14
639,K16DS_3,116581,184,False,0,0,0,,cannot_open,2021-07-24,2021-08-07,,2021-12-12,2021-12-19
640,K16DS_3,116581,49,False,0,0,0,,cannot_open,2021-07-30,2021-08-07,,2021-12-12,2021-12-19
641,K16DS_3,116581,335,False,0,0,0,,cannot_open,2021-07-26,2021-08-03,,2021-12-08,2021-12-15
642,K16DS_3,116581,299,False,0,0,0,,cannot_open,2021-07-20,2021-08-05,,2021-12-10,2021-12-17
643,K16DS_3,116581,215,False,0,0,0,,cannot_open,2021-07-28,2021-08-14,,2021-12-19,2021-12-26
644,K16DS_3,116583,162,False,0,0,0,,cannot_open,2021-07-18,2021-08-03,,2021-12-08,2021-12-15
645,K16DS_3,116583,158,False,0,0,0,,cannot_open,2021-07-19,2021-08-14,,2021-12-19,2021-12-26
646,K16DS_3,116583,195,False,0,0,0,,cannot_open,2021-08-01,2021-08-01,,2021-12-06,2021-12-13
647,K16DS_3,116583,98,False,0,0,0,,cannot_open,2021-07-30,2021-08-10,,2021-12-15,2021-12-22
648,K16DS_3,116583,87,False,0,0,0,,cannot_open,2021-07-27,2021-08-10,,2021-12-15,2021-12-22
649,K16DS_3,116583,205,False,0,0,0,,cannot_open,2021-07-29,2021-08-15,,2021-12-20,2021-12-27
650,K16DS_3,116583,98,False,0,0,0,,cannot_open,2021-07-29,2021-08-02,,2021-12-07,2021-12-14
651,K16DS_3,116584,336,False,0,0,0,,cannot_open,2021-07-31,2021-08-05,,2021-12-10,2021-12-17
652,K16DS_3,116584,109,False,0,0,0,,cannot_open,2021-07-22,2021-08-09,,2021-12-14,2021-12-21
653,K16DS_3,116584,216,False,0,0,0,,cannot_open,2021-07-31,2021-08-11,,2021-12-16,2021-12-23
654,K16DS_3,116584,283,False,0,0,0,,cannot_open,2021-07-31,2021-08-15,,2021-12-20,2021-12-27
655,K16DS_3,116584,79,False,0,0,0,,cannot_open,2021-07-30,2021-08-01,,2021-12-06,2021-12-13
656,K16DS_3,116584,141,False,0,0,0,,cannot_open,2021-07-28,2021-08-05,,2021-12-10,2021-12-17
657,K16DS_3,116584,97,False,0,0,0,,cannot_open,2021-07-23,2021-08-01,,2021-12-06,2021-12-13
658,K16DS_3,116582,160,False,0,0,0,,cannot_open,2021-07-20,2021-08-02,,2021-12-07,2021-12-14
659,K16DS_3,116582,216,False,0,0,0,,cannot_open,2021-08-01,2021-08-12,,2021-12-17,2021-12-24
660,K16DS_3,116582,87,False,0,0,0,,cannot_open,2021-07-20,2021-08-09,,2021-12-14,2021-12-21
661,K16DS_3,116582,339,False,0,0,0,,cannot_open,2021-07-31,2021-08-13,,2021-12-18,2021-12-25
662,K16DS_3,116582,114,False,0,0,0,,cannot_open,2021-07-26,2021-08-06,,2021-12-11,2021-12-18
663,K16DS_3,116582,122,False,60,60,0,8.4,completed,2021-07-27,2021-08-09,2021-12-07,2021-12-14,2021-12-21
664,K16DS_3,134324,141,False,0,0,0,,cannot_open,2021-07-22,2021-08-11,,2021-12-16,2021-12-23
665,K16DS_3,134324,199,False,0,0,0,,cannot_open,2021-07-24,2021-08-06,,2021-12-11,2021-12-18
666,K16DS_3,134324,226,False,0,0,0,,cannot_open,2021-07-25,2021-08-06,,2021-12-11,2021-12-18
667,K16DS_3,134324,206,False,0,0,0,,cannot_open,2021-07-29,2021-08-13,,2021-12-18,2021-12-25
668,K16DS_3,134324,185,False,0,0,0,,cannot_open,2021-07-19,2021-08-01,,2021-12-06,2021-12-13
669,K16DS_3,134324,118,False,0,0,0,,cannot_open,2021-07-20,2021-08-04,,2021-12-09,2021-12-16
670,K16DS_3,134324,175,False,0,0,0,,cannot_open,2021-07-29,2021-08-01,,2021-12-06,2021-12-13
671,K16DS_4,116794,70,True,60,60,0,8.5,completed,2021-12-19,2022-01-09,2022-05-09,2022-05-16,2022-05-23
672,K16DS_4,116794,23,True,60,60,0,9.3,completed,2021-12-26,2022-01-06,2022-05-06,2022-05-13,2022-05-20
673,K16DS_4,116794,70,True,60,60,0,8.2,completed,2021-12-29,2022-01-14,2022-05-14,2022-05-21,2022-05-28
674,K16DS_4,116794,15,True,60,60,0,9.8,completed,2022-01-01,2022-01-04,2022-05-04,2022-05-11,2022-05-18
675,K16DS_4,116794,23,True,0,0,0,,cannot_open,2021-12-26,2022-01-15,,2022-05-22,2022-05-29
676,K16DS_4,116794,11,True,0,0,0,,cannot_open,2021-12-26,2022-01-05,,2022-05-12,2022-05-19
677,K16DS_4,116792,19,True,0,0,0,,cannot_open,2021-12-26,2022-01-08,,2022-05-15,2022-05-22
678,K16DS_4,116792,70,True,0,0,0,,cannot_open,2021-12-25,2022-01-04,,2022-05-11,2022-05-18
679,K16DS_4,116792,27,True,0,0,0,,cannot_open,2021-12-31,2022-01-08,,2022-05-15,2022-05-22
680,K16DS_4,116792,18,True,0,0,0,,cannot_open,2021-12-22,2022-01-13,,2022-05-20,2022-05-27
681,K16DS_4,116792,76,True,0,0,0,,cannot_open,2021-12-31,2022-01-04,,2022-05-11,2022-05-18
682,K16DS_4,116792,63,True,0,0,0,,cannot_open,2021-12-21,2022-01-13,,2022-05-20,2022-05-27
683,K16DS_4,116796,203,True,0,0,0,,cannot_open,2021-12-26,2022-01-11,,2022-05-18,2022-05-25
684,K16DS_4,116796,304,True,0,0,0,,cannot_open,2021-12-30,2022-01-02,,2022-05-09,2022-05-16
685,K16DS_4,116796,85,True,0,0,0,,cannot_open,2022-01-01,2022-01-08,,2022-05-15,2022-05-22
686,K16DS_4,116796,46,True,0,0,0,,cannot_open,2021-12-28,2022-01-06,,2022-05-13,2022-05-20
687,K16DS_4,116796,162,True,0,0,0,,cannot_open,2021-12-20,2022-01-09,,2022-05-16,2022-05-23
688,K16DS_4,116590,151,True,0,0,0,,cannot_open,2021-12-29,2022-01-09,,2022-05-16,2022-05-23
689,K16DS_4,116590,89,True,0,0,0,,cannot_open,2021-12-26,2022-01-15,,2022-05-22,2022-05-29
690,K16DS_4,116590,284,True,0,0,0,,cannot_open,2021-12-29,2022-01-04,,2022-05-11,2022-05-18
691,K16DS_4,116590,170,True,0,0,0,,cannot_open,2021-12-27,2022-01-01,,2022-05-08,2022-05-15
692,K16DS_4,116590,102,True,0,0,0,,cannot_open,2021-12-30,2022-01-06,,2022-05-13,2022-05-20
693,K16DS_4,116590,200,True,0,0,0,,cannot_open,2021-12-25,2022-01-15,,2022-05-22,2022-05-29
694,K16DS_4,116795,332,True,0,0,0,,cannot_open,2021-12-25,2022-01-07,,2022-05-14,2022-05-21
695,K16DS_4,116795,215,True,0,0,0,,cannot_open,2021-12-23,2022-01-01,,2022-05-08,2022-05-15
696,K16DS_4,116795,305,True,0,0,0,,cannot_open,2021-12-31,2022-01-15,,2022-05-22,2022-05-29
697,K16DS_4,116795,184,True,0,0,0,,cannot_open,2021-12-21,2022-01-11,,2022-05-18,2022-05-25
698,K16DS_4,116795,144,True,0,0,0,,cannot_open,2021-12-27,2022-01-11,,2022-05-18,2022-05-25
699,K16DS_4,116592,332,False,0,0,0,,cannot_open,2021-12-27,2022-01-10,,2022-05-17,2022-05-24
700,K16DS_4,116592,332,False,0,0,0,,cannot_open,2021-12-25,2022-01-02,,2022-05-09,2022-05-16
701,K16DS_4,116592,129,False,0,0,0,,cannot_open,2021-12-30,2022-01-03,,2022-05-10,2022-05-17
702,K16DS_4,116592,177,False,0,0,0,,cannot_open,2021-12-23,2022-01-03,,2022-05-10,2022-05-17
703,K16DS_4,116592,251,False,0,0,0,,cannot_open,2022-01-01,2022-01-05,,2022-05-12,2022-05-19
704,K16DS_4,116592,301,False,0,0,0,,cannot_open,2021-12-22,2022-01-08,,2022-05-15,2022-05-22
705,K16DS_4,116593,172,False,0,0,0,,cannot_open,2021-12-23,2022-01-11,,2022-05-18,2022-05-25
706,K16DS_4,116593,348,False,0,0,0,,cannot_open,2021-12-31,2022-01-10,,2022-05-17,2022-05-24
707,K16DS_4,116593,179,False,60,60,0,7.9,completed,2021-12-29,2022-01-03,2022-05-03,2022-05-10,2022-05-17
708,K16DS_4,116593,280,False,0,0,0,,cannot_open,2021-12-25,2022-01-10,,2022-05-17,2022-05-24
709,K16DS_4,116593,355,False,0,0,0,,cannot_open,2021-12-19,2022-01-12,,2022-05-19,2022-05-26
710,K16DS_4,116593,144,False,0,0,0,,cannot_open,2021-12-28,2022-01-13,,2022-05-20,2022-05-27
711,K16DS_4,116594,203,False,0,0,0,,cannot_open,2021-12-18,2022-01-14,,2022-05-21,2022-05-28
712,K16DS_4,116594,175,False,0,0,0,,cannot_open,2021-12-25,2022-01-03,,2022-05-10,2022-05-17
713,K16DS_4,116594,84,False,0,0,0,,cannot_open,2021-12-24,2022-01-15,,2022-05-22,2022-05-29
714,K16DS_4,116594,155,False,0,0,0,,cannot_open,2021-12-20,2022-01-08,,2022-05-15,2022-05-22
715,K16DS_4,116594,105,False,0,0,0,,cannot_open,2021-12-19,2022-01-07,,2022-05-14,2022-05-21
716,K16DS_4,116594,261,False,60,60,0,9.7,completed,2021-12-18,2022-01-06,2022-05-06,2022-05-13,2022-05-20
717,K16DS_4,116594,299,False,0,0,0,,cannot_open,2021-12-21,2022-01-09,,2022-05-16,2022-05-23
718,K16DS_4,116803,40,False,0,0,0,,cannot_open,2021-12-19,2022-01-12,,2022-05-19,2022-05-26
719,K16DS_4,116803,57,False,0,0,0,,cannot_open,2021-12-20,2022-01-09,,2022-05-16,2022-05-23
720,K16DS_4,116803,69,False,0,0,0,,cannot_open,2021-12-27,2022-01-15,,2022-05-22,2022-05-29
721,K16DS_4,116803,52,False,0,0,0,,cannot_open,2021-12-27,2022-01-11,,2022-05-18,2022-05-25
722,K16DS_4,116803,20,False,0,0,0,,cannot_open,2021-12-29,2022-01-11,,2022-05-18,2022-05-25
723,K16DS_4,116803,22,False,0,0,0,,cannot_open,2021-12-26,2022-01-13,,2022-05-20,2022-05-27
724,K16DS_4,116803,35,False,0,0,0,,cannot_open,2021-12-24,2022-01-02,,2022-05-09,2022-05-16
725,K16DS_4,116804,27,False,0,0,0,,cannot_open,2021-12-19,2022-01-14,,2022-05-21,2022-05-28
726,K16DS_4,116804,36,False,0,0,0,,cannot_open,2021-12-26,2022-01-03,,2022-05-10,2022-05-17
727,K16DS_4,116804,15,False,0,0,0,,cannot_open,2021-12-21,2022-01-14,,2022-05-21,2022-05-28
728,K16DS_4,116804,73,False,0,0,0,,cannot_open,2022-01-01,2022-01-04,,2022-05-11,2022-05-18
729,K16DS_4,116804,29,False,0,0,0,,cannot_open,2021-12-29,2022-01-08,,2022-05-15,2022-05-22
730,K16DS_4,116805,24,False,0,0,0,,cannot_open,2021-12-26,2022-01-13,,2022-05-20,2022-05-27
731,K16DS_4,116805,13,False,0,0,0,,cannot_open,2021-12-29,2022-01-06,,2022-05-13,2022-05-20
732,K16DS_4,116805,59,False,0,0,0,,cannot_open,2021-12-31,2022-01-08,,2022-05-15,2022-05-22
733,K16DS_4,116805,66,False,0,0,0,,cannot_open,2021-12-25,2022-01-11,,2022-05-18,2022-05-25
734,K16DS_4,116805,72,False,0,0,0,,cannot_open,2021-12-22,2022-01-12,,2022-05-19,2022-05-26
735,K16DS_5,117987,71,True,60,60,0,9.4,completed,2022-07-19,2022-08-13,2022-12-11,2022-12-18,2022-12-25
736,K16DS_5,117987,34,True,60,60,0,9.9,completed,2022-07-25,2022-08-08,2022-12-06,2022-12-13,2022-12-20
737,K16DS_5,117987,58,True,60,60,0,7.5,completed,2022-07-23,2022-08-11,2022-12-09,2022-12-16,2022-12-23
738,K16DS_5,117987,59,True,60,60,0,9.7,completed,2022-07-25,2022-08-05,2022-12-03,2022-12-10,2022-12-17
739,K16DS_5,117987,57,True,60,60,0,9.8,completed,2022-07-31,2022-08-04,2022-12-02,2022-12-09,2022-12-16
740,K16DS_5,117987,26,True,0,0,0,,cannot_open,2022-07-30,2022-08-01,,2022-12-06,2022-12-13
741,K16DS_5,117987,22,True,0,0,0,,cannot_open,2022-07-19,2022-08-03,,2022-12-08,2022-12-15
742,K16DS_5,116809,51,True,0,0,0,,cannot_open,2022-07-28,2022-08-11,,2022-12-16,2022-12-23
743,K16DS_5,116809,5,True,0,0,0,,cannot_open,2022-07-27,2022-08-07,,2022-12-12,2022-12-19
744,K16DS_5,116809,56,True,0,0,0,,cannot_open,2022-08-01,2022-08-02,,2022-12-07,2022-12-14
745,K16DS_5,116809,54,True,0,0,0,,cannot_open,2022-07-26,2022-08-04,,2022-12-09,2022-12-16
746,K16DS_5,116809,21,True,0,0,0,,cannot_open,2022-08-01,2022-08-03,,2022-12-08,2022-12-15
747,K16DS_5,116809,8,True,0,0,0,,cannot_open,2022-07-27,2022-08-03,,2022-12-08,2022-12-15
748,K16DS_5,116809,60,True,0,0,0,,cannot_open,2022-07-24,2022-08-06,,2022-12-11,2022-12-18
749,K16DS_5,116793,190,True,0,0,0,,cannot_open,2022-07-18,2022-08-03,,2022-12-08,2022-12-15
750,K16DS_5,116793,185,True,0,0,0,,cannot_open,2022-07-31,2022-08-08,,2022-12-13,2022-12-20
751,K16DS_5,116793,296,True,0,0,0,,cannot_open,2022-07-23,2022-08-10,,2022-12-15,2022-12-22
752,K16DS_5,116793,101,True,0,0,0,,cannot_open,2022-07-18,2022-08-04,,2022-12-09,2022-12-16
753,K16DS_5,116793,184,True,0,0,0,,cannot_open,2022-07-24,2022-08-09,,2022-12-14,2022-12-21
754,K16DS_5,116797,247,True,0,0,0,,cannot_open,2022-07-29,2022-08-04,,2022-12-09,2022-12-16
755,K16DS_5,116797,184,True,0,0,0,,cannot_open,2022-07-31,2022-08-02,,2022-12-07,2022-12-14
756,K16DS_5,116797,298,True,0,0,0,,cannot_open,2022-07-29,2022-08-14,,2022-12-19,2022-12-26
757,K16DS_5,116797,217,True,0,0,0,,cannot_open,2022-07-29,2022-08-03,,2022-12-08,2022-12-15
758,K16DS_5,116797,134,True,0,0,0,,cannot_open,2022-07-25,2022-08-13,,2022-12-18,2022-12-25
759,K16DS_5,116807,294,True,0,0,0,,cannot_open,2022-07-19,2022-08-06,,2022-12-11,2022-12-18
760,K16DS_5,116807,148,True,0,0,0,,cannot_open,2022-07-29,2022-08-11,,2022-12-16,2022-12-23
761,K16DS_5,116807,137,True,0,0,0,,cannot_open,2022-07-30,2022-08-09,,2022-12-14,2022-12-21
762,K16DS_5,116807,89,True,0,0,0,,cannot_open,2022-07-25,2022-08-02,,2022-12-07,2022-12-14
763,K16DS_5,116807,333,True,0,0,0,,cannot_open,2022-07-24,2022-08-01,,2022-12-06,2022-12-13
764,K16DS_5,116807,101,True,0,0,0,,cannot_open,2022-07-18,2022-08-02,,2022-12-07,2022-12-14
765,K16DS_5,116807,328,True,0,0,0,,cannot_open,2022-07-20,2022-08-02,,2022-12-07,2022-12-14
766,K16DS_5,116811,267,False,0,0,0,,cannot_open,2022-07-23,2022-08-06,,2022-12-11,2022-12-18
767,K16DS_5,116811,229,False,0,0,0,,cannot_open,2022-07-20,2022-08-04,,2022-12-09,2022-12-16
768,K16DS_5,116811,268,False,0,0,0,,cannot_open,2022-07-20,2022-08-05,,2022-12-10,2022-12-17
769,K16DS_5,116811,296,False,0,0,0,,cannot_open,2022-07-29,2022-08-14,,2022-12-19,2022-12-26
770,K16DS_5,116811,332,False,0,0,0,,cannot_open,2022-07-20,2022-08-03,,2022-12-08,2022-12-15
771,K16DS_5,116813,302,False,0,0,0,,cannot_open,2022-07-20,2022-08-13,,2022-12-18,2022-12-25
772,K16DS_5,116813,41,False,0,0,0,,cannot_open,2022-07-27,2022-08-09,,2022-12-14,2022-12-21
773,K16DS_5,116813,339,False,0,0,0,,cannot_open,2022-07-25,2022-08-06,,2022-12-11,2022-12-18
774,K16DS_5,116813,124,False,0,0,0,,cannot_open,2022-07-25,2022-08-01,,2022-12-06,2022-12-13
775,K16DS_5,116813,114,False,0,0,0,,cannot_open,2022-07-21,2022-08-01,,2022-12-06,2022-12-13
776,K16DS_5,116813,223,False,0,0,0,,cannot_open,2022-07-26,2022-08-13,,2022-12-18,2022-12-25
777,K16DS_5,116817,154,False,0,0,0,,cannot_open,2022-08-01,2022-08-04,,2022-12-09,2022-12-16
778,K16DS_5,116817,205,False,60,60,0,9.0,completed,2022-07-28,2022-08-07,2022-12-05,2022-12-12,2022-12-19
779,K16DS_5,116817,141,False,0,0,0,,cannot_open,2022-07-25,2022-08-13,,2022-12-18,2022-12-25
780,K16DS_5,116817,293,False,0,0,0,,cannot_open,2022-07-18,2022-08-02,,2022-12-07,2022-12-14
781,K16DS_5,116817,221,False,0,0,0,,cannot_open,2022-07-22,2022-08-15,,2022-12-20,2022-12-27
782,K16DS_5,116817,319,False,0,0,0,,cannot_open,2022-07-23,2022-08-08,,2022-12-13,2022-12-20
783,K16DS_6,116808,243,True,60,60,0,9.7,completed,2022-12-27,2023-01-07,2023-05-07,2023-05-14,2023-05-21
784,K16DS_6,116808,346,True,60,60,0,7.4,completed,2022-12-23,2023-01-01,2023-05-01,2023-05-08,2023-05-15
785,K16DS_6,116808,153,True,60,60,0,9.7,completed,2022-12-22,2023-01-11,2023-05-11,2023-05-18,2023-05-25
786,K16DS_6,116808,280,True,60,58,2,9.3,completed,2023-01-01,2023-01-12,2023-05-12,2023-05-19,2023-05-26
787,K16DS_6,116808,215,True,0,0,0,,cannot_open,2022-12-22,2023-01-13,,2023-05-20,2023-05-27
788,K16DS_6,116808,247,True,0,0,0,,cannot_open,2022-12-22,2023-01-02,,2023-05-09,2023-05-16
789,K16DS_6,116808,226,True,0,0,0,,cannot_open,2022-12-25,2023-01-14,,2023-05-21,2023-05-28
790,K16DS_6,116810,169,True,0,0,0,,cannot_open,2023-01-01,2023-01-07,,2023-05-14,2023-05-21
791,K16DS_6,116810,314,True,0,0,0,,cannot_open,2022-12-19,2023-01-13,,2023-05-20,2023-05-27
792,K16DS_6,116810,97,True,0,0,0,,cannot_open,2022-12-19,2023-01-04,,2023-05-11,2023-05-18
793,K16DS_6,116810,141,True,0,0,0,,cannot_open,2022-12-29,2023-01-01,,2023-05-08,2023-05-15
794,K16DS_6,116810,47,True,0,0,0,,cannot_open,2022-12-26,2023-01-09,,2023-05-16,2023-05-23
795,K16DS_6,116810,133,True,0,0,0,,cannot_open,2022-12-30,2023-01-06,,2023-05-13,2023-05-20
796,K16DS_6,116810,343,True,0,0,0,,cannot_open,2022-12-27,2023-01-05,,2023-05-12,2023-05-19
797,K16DS_6,116806,271,True,0,0,0,,cannot_open,2022-12-23,2023-01-02,,2023-05-09,2023-05-16
798,K16DS_6,116806,127,True,0,0,0,,cannot_open,2023-01-01,2023-01-10,,2023-05-17,2023-05-24
799,K16DS_6,116806,153,True,0,0,0,,cannot_open,2022-12-25,2023-01-06,,2023-05-13,2023-05-20
800,K16DS_6,116806,250,True,0,0,0,,cannot_open,2022-12-21,2023-01-12,,2023-05-19,2023-05-26
801,K16DS_6,116806,340,True,0,0,0,,cannot_open,2022-12-22,2023-01-10,,2023-05-17,2023-05-24
802,K16DS_6,116806,313,True,0,0,0,,cannot_open,2022-12-19,2023-01-06,,2023-05-13,2023-05-20
803,K16DS_6,116806,131,True,0,0,0,,cannot_open,2022-12-20,2023-01-08,,2023-05-15,2023-05-22
804,K16DS_6,117988,6,True,0,0,0,,cannot_open,2022-12-28,2023-01-14,,2023-05-21,2023-05-28
805,K16DS_6,117988,52,True,0,0,0,,cannot_open,2022-12-18,2023-01-09,,2023-05-16,2023-05-23
806,K16DS_6,117988,36,True,0,0,0,,cannot_open,2022-12-24,2023-01-03,,2023-05-10,2023-05-17
807,K16DS_6,117988,71,True,0,0,0,,cannot_open,2022-12-26,2023-01-02,,2023-05-09,2023-05-16
808,K16DS_6,117988,62,True,0,0,0,,cannot_open,2022-12-24,2023-01-13,,2023-05-20,2023-05-27
809,K16DS_6,116820,15,False,0,0,0,,cannot_open,2023-01-01,2023-01-07,,2023-05-14,2023-05-21
810,K16DS_6,116820,31,False,0,0,0,,cannot_open,2022-12-26,2023-01-15,,2023-05-22,2023-05-29
811,K16DS_6,116820,14,False,0,0,0,,cannot_open,2022-12-29,2023-01-12,,2023-05-19,2023-05-26
812,K16DS_6,116820,33,False,0,0,0,,cannot_open,2022-12-26,2023-01-07,,2023-05-14,2023-05-21
813,K16DS_6,116820,7,False,0,0,0,,cannot_open,2022-12-28,2023-01-09,,2023-05-16,2023-05-23
814,K16DS_6,116822,38,False,0,0,0,,cannot_open,2022-12-19,2023-01-14,,2023-05-21,2023-05-28
815,K16DS_6,116822,25,False,0,0,0,,cannot_open,2022-12-20,2023-01-15,,2023-05-22,2023-05-29
816,K16DS_6,116822,39,False,0,0,0,,cannot_open,2022-12-24,2023-01-09,,2023-05-16,2023-05-23
817,K16DS_6,116822,29,False,0,0,0,,cannot_open,2022-12-21,2023-01-04,,2023-05-11,2023-05-18
818,K16DS_6,116822,57,False,0,0,0,,cannot_open,2022-12-19,2023-01-07,,2023-05-14,2023-05-21
819,K16DS_6,116822,74,False,0,0,0,,cannot_open,2022-12-31,2023-01-12,,2023-05-19,2023-05-26
820,K16DS_6,116819,166,False,0,0,0,,cannot_open,2022-12-25,2023-01-07,,2023-05-14,2023-05-21
821,K16DS_6,116819,163,False,0,0,0,,cannot_open,2022-12-22,2023-01-01,,2023-05-08,2023-05-15
822,K16DS_6,116819,275,False,0,0,0,,cannot_open,2022-12-26,2023-01-12,,2023-05-19,2023-05-26
823,K16DS_6,116819,257,False,0,0,0,,cannot_open,2022-12-27,2023-01-06,,2023-05-13,2023-05-20
824,K16DS_6,116819,193,False,0,0,0,,cannot_open,2022-12-27,2023-01-07,,2023-05-14,2023-05-21
825,K16DS_6,116819,187,False,0,0,0,,cannot_open,2022-12-31,2023-01-11,,2023-05-18,2023-05-25
826,K16DS_6,116818,158,False,0,0,0,,cannot_open,2022-12-31,2023-01-09,,2023-05-16,2023-05-23
827,K16DS_6,116818,312,False,0,0,0,,cannot_open,2022-12-20,2023-01-10,,2023-05-17,2023-05-24
828,K16DS_6,116818,217,False,0,0,0,,cannot_open,2022-12-29,2023-01-03,,2023-05-10,2023-05-17
829,K16DS_6,116818,121,False,0,0,0,,cannot_open,2023-01-01,2023-01-03,,2023-05-10,2023-05-17
830,K16DS_6,116818,341,False,0,0,0,,cannot_open,2022-12-18,2023-01-12,,2023-05-19,2023-05-26
831,K16DS_6,116821,297,False,0,0,0,,cannot_open,2022-12-30,2023-01-03,,2023-05-10,2023-05-17
832,K16DS_6,116821,177,False,0,0,0,,cannot_open,2022-12-29,2023-01-07,,2023-05-14,2023-05-21
833,K16DS_6,116821,102,False,60,60,0,7.9,completed,2022-12-27,2023-01-04,2023-05-04,2023-05-11,2023-05-18
834,K16DS_6,116821,247,False,0,0,0,,cannot_open,2022-12-28,2023-01-14,,2023-05-21,2023-05-28
835,K16DS_6,116821,151,False,0,0,0,,cannot_open,2022-12-27,2023-01-14,,2023-05-21,2023-05-28
836,K16DS_6,116823,138,False,60,60,0,7.2,completed,2022-12-25,2023-01-07,2023-05-07,2023-05-14,2023-05-21
837,K16DS_6,116823,341,False,0,0,0,,cannot_open,2022-12-28,2023-01-05,,2023-05-12,2023-05-19
838,K16DS_6,116823,113,False,0,0,0,,cannot_open,2022-12-21,2023-01-11,,2023-05-18,2023-05-25
839,K16DS_6,116823,355,False,0,0,0,,cannot_open,2022-12-28,2023-01-13,,2023-05-20,2023-05-27
840,K16DS_6,116823,140,False,0,0,0,,cannot_open,2022-12-27,2023-01-01,,2023-05-08,2023-05-15
841,K16DS_6,116824,264,False,0,0,0,,cannot_open,2022-12-27,2023-01-11,,2023-05-18,2023-05-25
842,K16DS_6,116824,298,False,0,0,0,,cannot_open,2022-12-25,2023-01-13,,2023-05-20,2023-05-27
843,K16DS_6,116824,42,False,0,0,0,,cannot_open,2022-12-29,2023-01-11,,2023-05-18,2023-05-25
844,K16DS_6,116824,304,False,0,0,0,,cannot_open,2022-12-24,2023-01-11,,2023-05-18,2023-05-25
845,K16DS_6,116824,343,False,0,0,0,,cannot_open,2022-12-28,2023-01-02,,2023-05-09,2023-05-16
846,K16DS_6,116824,226,False,0,0,0,,cannot_open,2022-12-29,2023-01-04,,2023-05-11,2023-05-18
847,K16DS_7,116814,61,True,63,63,0,7.8,completed,2023-07-21,2023-08-13,2023-12-11,2023-12-18,2023-12-25
848,K16DS_7,116814,10,True,63,63,0,9.9,completed,2023-07-29,2023-08-07,2023-12-05,2023-12-12,2023-12-19
849,K16DS_7,116814,11,True,63,63,0,9.3,completed,2023-07-20,2023-08-04,2023-12-02,2023-12-09,2023-12-16
850,K16DS_7,116814,72,True,63,63,0,9.9,completed,2023-07-22,2023-08-05,2023-12-03,2023-12-10,2023-12-17
851,K16DS_7,116814,39,True,63,63,0,9.3,completed,2023-07-27,2023-08-14,2023-12-12,2023-12-19,2023-12-26
852,K16DS_7,116814,6,True,0,0,0,,cannot_open,2023-07-27,2023-08-13,,2023-12-18,2023-12-25
853,K16DS_7,116816,128,True,0,0,0,,cannot_open,2023-07-21,2023-08-08,,2023-12-13,2023-12-20
854,K16DS_7,116816,300,True,0,0,0,,cannot_open,2023-07-23,2023-08-01,,2023-12-06,2023-12-13
855,K16DS_7,116816,262,True,0,0,0,,cannot_open,2023-07-20,2023-08-03,,2023-12-08,2023-12-15
856,K16DS_7,116816,202,True,0,0,0,,cannot_open,2023-07-22,2023-08-14,,2023-12-19,2023-12-26
857,K16DS_7,116816,185,True,0,0,0,,cannot_open,2023-07-30,2023-08-11,,2023-12-16,2023-12-23
858,K16DS_7,116816,315,True,0,0,0,,cannot_open,2023-07-20,2023-08-12,,2023-12-17,2023-12-24
859,K16DS_7,116831,190,True,0,0,0,,cannot_open,2023-07-28,2023-08-08,,2023-12-13,2023-12-20
860,K16DS_7,116831,129,True,0,0,0,,cannot_open,2023-07-28,2023-08-14,,2023-12-19,2023-12-26
861,K16DS_7,116831,98,True,0,0,0,,cannot_open,2023-08-01,2023-08-09,,2023-12-14,2023-12-21
862,K16DS_7,116831,254,True,0,0,0,,cannot_open,2023-08-01,2023-08-15,,2023-12-20,2023-12-27
863,K16DS_7,116831,152,True,0,0,0,,cannot_open,2023-07-19,2023-08-10,,2023-12-15,2023-12-22
864,K16DS_7,116831,145,True,0,0,0,,cannot_open,2023-07-30,2023-08-08,,2023-12-13,2023-12-20
865,K16DS_7,117989,50,True,0,0,0,,cannot_open,2023-07-22,2023-08-14,,2023-12-19,2023-12-26
866,K16DS_7,117989,2,True,0,0,0,,cannot_open,2023-07-30,2023-08-14,,2023-12-19,2023-12-26
867,K16DS_7,117989,37,True,0,0,0,,cannot_open,2023-08-01,2023-08-13,,2023-12-18,2023-12-25
868,K16DS_7,117989,75,True,0,0,0,,cannot_open,2023-07-30,2023-08-02,,2023-12-07,2023-12-14
869,K16DS_7,117989,53,True,0,0,0,,cannot_open,2023-07-30,2023-08-03,,2023-12-08,2023-12-15
870,K16DS_7,117989,74,True,0,0,0,,cannot_open,2023-07-23,2023-08-05,,2023-12-10,2023-12-17
871,K16DS_7,116826,26,False,0,0,0,,cannot_open,2023-07-31,2023-08-08,,2023-12-13,2023-12-20
872,K16DS_7,116826,23,False,0,0,0,,cannot_open,2023-07-24,2023-08-06,,2023-12-11,2023-12-18
873,K16DS_7,116826,66,False,0,0,0,,cannot_open,2023-07-26,2023-08-14,,2023-12-19,2023-12-26
874,K16DS_7,116826,12,False,0,0,0,,cannot_open,2023-07-18,2023-08-14,,2023-12-19,2023-12-26
875,K16DS_7,116826,21,False,0,0,0,,cannot_open,2023-07-19,2023-08-10,,2023-12-15,2023-12-22
876,K16DS_7,116826,57,False,0,0,0,,cannot_open,2023-07-23,2023-08-07,,2023-12-12,2023-12-19
877,K16DS_7,116841,143,False,0,0,0,,cannot_open,2023-07-23,2023-08-07,,2023-12-12,2023-12-19
878,K16DS_7,116841,314,False,0,0,0,,cannot_open,2023-07-23,2023-08-06,,2023-12-11,2023-12-18
879,K16DS_7,116841,155,False,0,0,0,,cannot_open,2023-07-23,2023-08-08,,2023-12-13,2023-12-20
880,K16DS_7,116841,98,False,0,0,0,,cannot_open,2023-07-22,2023-08-05,,2023-12-10,2023-12-17
881,K16DS_7,116841,129,False,0,0,0,,cannot_open,2023-07-28,2023-08-14,,2023-12-19,2023-12-26
882,K16DS_7,116841,204,False,0,0,0,,cannot_open,2023-07-28,2023-08-12,,2023-12-17,2023-12-24
883,K16DS_7,116837,341,False,0,0,0,,cannot_open,2023-07-25,2023-08-03,,2023-12-08,2023-12-15
884,K16DS_7,116837,272,False,0,0,0,,cannot_open,2023-07-31,2023-08-01,,2023-12-06,2023-12-13
885,K16DS_7,116837,152,False,0,0,0,,cannot_open,2023-07-26,2023-08-07,,2023-12-12,2023-12-19
886,K16DS_7,116837,200,False,0,0,0,,cannot_open,2023-08-01,2023-08-12,,2023-12-17,2023-12-24
887,K16DS_7,116837,47,False,0,0,0,,cannot_open,2023-07-27,2023-08-05,,2023-12-10,2023-12-17
888,K16DS_7,116840,302,False,0,0,0,,cannot_open,2023-07-27,2023-08-01,,2023-12-06,2023-12-13
889,K16DS_7,116840,201,False,0,0,0,,cannot_open,2023-07-21,2023-08-02,,2023-12-07,2023-12-14
890,K16DS_7,116840,183,False,0,0,0,,cannot_open,2023-07-22,2023-08-14,,2023-12-19,2023-12-26
891,K16DS_7,116840,202,False,0,0,0,,cannot_open,2023-07-20,2023-08-04,,2023-12-09,2023-12-16
892,K16DS_7,116840,120,False,0,0,0,,cannot_open,2023-07-23,2023-08-07,,2023-12-12,2023-12-19
893,K16DS_7,116840,299,False,60,60,0,8.9,completed,2023-07-26,2023-08-08,2023-12-06,2023-12-13,2023-12-20
894,K16DS_7,116840,181,False,0,0,0,,cannot_open,2023-07-25,2023-08-02,,2023-12-07,2023-12-14
895,K16DS_7,118037,108,False,0,0,0,,cannot_open,2023-08-01,2023-08-05,,2023-12-10,2023-12-17
896,K16DS_7,118037,213,False,0,0,0,,cannot_open,2023-07-26,2023-08-09,,2023-12-14,2023-12-21
897,K16DS_7,118037,333,False,0,0,0,,cannot_open,2023-07-30,2023-08-04,,2023-12-09,2023-12-16
898,K16DS_7,118037,159,False,0,0,0,,cannot_open,2023-07-26,2023-08-08,,2023-12-13,2023-12-20
899,K16DS_7,118037,276,False,60,60,0,9.2,completed,2023-07-25,2023-08-05,2023-12-03,2023-12-10,2023-12-17
900,K16DS_7,118037,269,False,0,0,0,,cannot_open,2023-07-31,2023-08-08,,2023-12-13,2023-12-20
901,K16DS_7,116836,313,False,0,0,0,,cannot_open,2023-07-20,2023-08-12,,2023-12-17,2023-12-24
902,K16DS_7,116836,151,False,0,0,0,,cannot_open,2023-07-22,2023-08-09,,2023-12-14,2023-12-21
903,K16DS_7,116836,263,False,0,0,0,,cannot_open,2023-07-18,2023-08-05,,2023-12-10,2023-12-17
904,K16DS_7,116836,258,False,0,0,0,,cannot_open,2023-07-29,2023-08-06,,2023-12-11,2023-12-18
905,K16DS_7,116836,293,False,0,0,0,,cannot_open,2023-07-31,2023-08-13,,2023-12-18,2023-12-25
906,K16DS_7,119744,187,False,0,0,0,,cannot_open,2023-08-01,2023-08-03,,2023-12-08,2023-12-15
907,K16DS_7,119744,201,False,0,0,0,,cannot_open,2023-07-24,2023-08-14,,2023-12-19,2023-12-26
908,K16DS_7,119744,146,False,0,0,0,,cannot_open,2023-07-29,2023-08-02,,2023-12-07,2023-12-14
909,K16DS_7,119744,111,False,0,0,0,,cannot_open,2023-07-31,2023-08-13,,2023-12-18,2023-12-25
910,K16DS_7,119744,155,False,0,0,0,,cannot_open,2023-08-01,2023-08-07,,2023-12-12,2023-12-19
911,K16DS_7,119744,316,False,0,0,0,,cannot_open,2023-07-19,2023-08-11,,2023-12-16,2023-12-23
912,K16DS_7,119744,340,False,0,0,0,,cannot_open,2023-07-24,2023-08-15,,2023-12-20,2023-12-27
913,K16DS_7,116825,89,False,0,0,0,,cannot_open,2023-07-29,2023-08-13,,2023-12-18,2023-12-25
914,K16DS_7,116825,131,False,0,0,0,,cannot_open,2023-07-18,2023-08-05,,2023-12-10,2023-12-17
915,K16DS_7,116825,347,False,0,0,0,,cannot_open,2023-07-26,2023-08-13,,2023-12-18,2023-12-25
916,K16DS_7,116825,342,False,0,0,0,,cannot_open,2023-07-28,2023-08-10,,2023-12-15,2023-12-22
917,K16DS_7,116825,197,False,0,0,0,,cannot_open,2023-07-23,2023-08-15,,2023-12-20,2023-12-27
918,K16DS_7,116825,216,False,0,0,0,,cannot_open,2023-07-21,2023-08-06,,2023-12-11,2023-12-18
919,K16DS_7,116825,241,False,0,0,0,,cannot_open,2023-07-19,2023-08-01,,2023-12-06,2023-12-13
920,K16DS_7,116827,297,False,0,0,0,,cannot_open,2023-07-29,2023-08-11,,2023-12-16,2023-12-23
921,K16DS_7,116827,144,False,0,0,0,,cannot_open,2023-07-24,2023-08-09,,2023-12-14,2023-12-21
922,K16DS_7,116827,324,False,0,0,0,,cannot_open,2023-07-30,2023-08-13,,2023-12-18,2023-12-25
923,K16DS_7,116827,290,False,0,0,0,,cannot_open,2023-07-29,2023-08-13,,2023-12-18,2023-12-25
924,K16DS_7,116827,309,False,0,0,0,,cannot_open,2023-07-18,2023-08-03,,2023-12-08,2023-12-15
925,K16DS_8,116815,22,True,60,60,0,7.3,completed,2024-01-01,2024-01-01,2024-04-30,2024-05-07,2024-05-14
926,K16DS_8,116815,22,True,60,60,0,9.5,completed,2023-12-24,2024-01-06,2024-05-05,2024-05-12,2024-05-19
927,K16DS_8,116815,14,True,60,60,0,9.5,completed,2023-12-20,2024-01-04,2024-05-03,2024-05-10,2024-05-17
928,K16DS_8,116815,29,True,60,60,0,9.8,completed,2023-12-18,2024-01-04,2024-05-03,2024-05-10,2024-05-17
929,K16DS_8,116815,69,True,0,0,0,,cannot_open,2023-12-28,2024-01-15,,2024-05-21,2024-05-28
930,K16DS_8,116815,1,True,0,0,0,,cannot_open,2023-12-23,2024-01-09,,2024-05-15,2024-05-22
931,K16DS_8,116829,346,True,0,0,0,,cannot_open,2023-12-20,2024-01-14,,2024-05-20,2024-05-27
932,K16DS_8,116829,317,True,0,0,0,,cannot_open,2023-12-18,2024-01-03,,2024-05-09,2024-05-16
933,K16DS_8,116829,45,True,0,0,0,,cannot_open,2023-12-22,2024-01-10,,2024-05-16,2024-05-23
934,K16DS_8,116829,196,True,0,0,0,,cannot_open,2023-12-26,2024-01-11,,2024-05-17,2024-05-24
935,K16DS_8,116829,334,True,0,0,0,,cannot_open,2023-12-21,2024-01-09,,2024-05-15,2024-05-22
936,K16DS_8,116830,166,True,0,0,0,,cannot_open,2023-12-18,2024-01-10,,2024-05-16,2024-05-23
937,K16DS_8,116830,169,True,0,0,0,,cannot_open,2023-12-27,2024-01-07,,2024-05-13,2024-05-20
938,K16DS_8,116830,138,True,0,0,0,,cannot_open,2024-01-01,2024-01-08,,2024-05-14,2024-05-21
939,K16DS_8,116830,238,True,0,0,0,,cannot_open,2023-12-25,2024-01-13,,2024-05-19,2024-05-26
940,K16DS_8,116830,245,True,0,0,0,,cannot_open,2023-12-29,2024-01-04,,2024-05-10,2024-05-17
941,K16DS_8,116830,225,True,0,0,0,,cannot_open,2023-12-25,2024-01-11,,2024-05-17,2024-05-24
942,K16DS_8,117990,192,True,0,0,0,,cannot_open,2023-12-22,2024-01-12,,2024-05-18,2024-05-25
943,K16DS_8,117990,341,True,0,0,0,,cannot_open,2023-12-19,2024-01-15,,2024-05-21,2024-05-28
944,K16DS_8,117990,133,True,0,0,0,,cannot_open,2023-12-25,2024-01-13,,2024-05-19,2024-05-26
945,K16DS_8,117990,145,True,0,0,0,,cannot_open,2023-12-22,2024-01-15,,2024-05-21,2024-05-28
946,K16DS_8,117990,165,True,0,0,0,,cannot_open,2023-12-20,2024-01-15,,2024-05-21,2024-05-28
947,K16DS_8,116833,77,False,0,0,0,,cannot_open,2023-12-25,2024-01-11,,2024-05-17,2024-05-24
948,K16DS_8,116833,221,False,0,0,0,,cannot_open,2023-12-31,2024-01-09,,2024-05-15,2024-05-22
949,K16DS_8,116833,290,False,0,0,0,,cannot_open,2023-12-25,2024-01-01,,2024-05-07,2024-05-14
950,K16DS_8,116833,224,False,0,0,0,,cannot_open,2023-12-30,2024-01-08,,2024-05-14,2024-05-21
951,K16DS_8,116833,158,False,60,60,0,9.7,completed,2023-12-29,2024-01-01,2024-04-30,2024-05-07,2024-05-14
952,K16DS_8,116832,279,False,0,0,0,,cannot_open,2023-12-20,2024-01-12,,2024-05-18,2024-05-25
953,K16DS_8,116832,212,False,0,0,0,,cannot_open,2023-12-18,2024-01-13,,2024-05-19,2024-05-26
954,K16DS_8,116832,296,False,0,0,0,,cannot_open,2023-12-22,2024-01-06,,2024-05-12,2024-05-19
955,K16DS_8,116832,330,False,0,0,0,,cannot_open,2023-12-21,2024-01-14,,2024-05-20,2024-05-27
956,K16DS_8,116832,322,False,0,0,0,,cannot_open,2023-12-19,2024-01-14,,2024-05-20,2024-05-27
957,K16DS_8,116832,317,False,0,0,0,,cannot_open,2023-12-24,2024-01-11,,2024-05-17,2024-05-24
958,K16DS_8,116834,296,False,0,0,0,,cannot_open,2023-12-24,2024-01-01,,2024-05-07,2024-05-14
959,K16DS_8,116834,253,False,0,0,0,,cannot_open,2024-01-01,2024-01-14,,2024-05-20,2024-05-27
960,K16DS_8,116834,299,False,0,0,0,,cannot_open,2023-12-31,2024-01-06,,2024-05-12,2024-05-19
961,K16DS_8,116834,255,False,0,0,0,,cannot_open,2023-12-28,2024-01-15,,2024-05-21,2024-05-28
962,K16DS_8,116834,132,False,0,0,0,,cannot_open,2023-12-30,2024-01-13,,2024-05-19,2024-05-26
963,K16DS_8,116834,156,False,0,0,0,,cannot_open,2023-12-20,2024-01-10,,2024-05-16,2024-05-23
964,K16DS_8,116834,145,False,0,0,0,,cannot_open,2023-12-18,2024-01-02,,2024-05-08,2024-05-15
965,K16DS_8,116835,272,False,0,0,0,,cannot_open,2023-12-18,2024-01-12,,2024-05-18,2024-05-25
966,K16DS_8,116835,337,False,0,0,0,,cannot_open,2023-12-28,2024-01-13,,2024-05-19,2024-05-26
967,K16DS_8,116835,48,False,0,0,0,,cannot_open,2023-12-31,2024-01-07,,2024-05-13,2024-05-20
968,K16DS_8,116835,89,False,0,0,0,,cannot_open,2023-12-21,2024-01-09,,2024-05-15,2024-05-22
969,K16DS_8,116835,296,False,0,0,0,,cannot_open,2023-12-27,2024-01-05,,2024-05-11,2024-05-18
970,K16DS_9,116842,231,True,60,60,0,9.2,completed,2024-07-24,2024-08-03,2024-12-01,2024-12-08,2024-12-15
971,K16DS_9,117984,177,True,60,60,0,9.6,completed,2024-07-20,2024-08-09,2024-12-07,2024-12-14,2024-12-21
