student_id,enrollment_id,enrollment_time
21085631,972,2021-07-13 04:34:25
21112151,972,2021-06-22 15:18:38
21104551,972,2021-06-24 22:10:44
21041211,972,2021-06-27 20:49:55
21099921,972,2021-07-06 06:55:59
21130221,972,2021-07-09 18:25:34
21116621,972,2021-07-08 23:07:17
21094651,972,2021-06-30 10:44:47
21040001,972,2021-06-27 01:08:23
21118981,972,2021-07-10 08:59:44
21099581,972,2021-06-29 07:41:55
21017711,972,2021-07-05 20:07:51
21010131,972,2021-06-29 17:48:29
21025861,972,2021-07-06 15:20:32
21003901,972,2021-06-25 15:57:59
21031271,972,2021-07-04 07:34:27
21054311,972,2021-07-05 03:34:25
21136801,972,2021-07-02 12:54:51
21096001,972,2021-06-23 13:30:32
21048401,972,2021-06-21 08:49:36
21096511,972,2021-07-12 15:39:11
21105251,972,2021-06-27 13:32:34
21094311,972,2021-07-12 15:57:06
21023751,972,2021-07-02 15:46:35
21094601,972,2021-07-05 19:51:51
21068521,972,2021-07-08 19:07:14
21109921,972,2021-07-14 04:18:05
21121841,972,2021-06-27 08:44:41
21004231,972,2021-06-27 11:39:33
21022831,972,2021-06-22 22:08:30
21093411,972,2021-06-28 15:38:50
21082941,972,2021-06-27 02:41:51
21002721,972,2021-06-23 18:40:20
21123231,972,2021-07-06 16:29:46
21090141,972,2021-06-19 08:33:22
21109451,972,2021-07-08 19:36:42
21093521,972,2021-07-10 12:39:19
21100901,972,2021-07-05 15:49:30
21097611,972,2021-07-06 04:22:54
21078321,972,2021-06-28 02:33:41
21114651,972,2021-07-10 14:10:39
21115711,972,2021-06-26 06:08:18
21032491,972,2021-06-20 13:27:29
20056951,972,2021-06-25 06:54:48
21021471,972,2021-06-25 16:44:10
21074741,972,2021-07-03 15:39:50
21071061,972,2021-07-07 05:00:54
21010151,972,2021-06-26 19:48:43
20074861,972,2021-07-10 05:35:08
21106181,972,2021-07-11 19:07:13
21108531,972,2021-06-29 07:09:17
21120051,972,2021-06-27 11:41:59
20120721,972,2021-07-07 00:13:29
21105891,972,2021-07-09 10:25:39
21132701,972,2021-06-24 05:48:09
21093491,972,2021-06-25 20:31:37
21026821,972,2021-07-11 23:57:33
21139681,972,2021-06-30 14:58:13
21000461,972,2021-07-03 18:01:11
21011801,972,2021-06-29 19:28:52
20030031,972,2021-06-20 05:59:27
21039741,972,2021-07-14 15:01:13
21117081,972,2021-06-23 20:52:32
21099741,972,2021-07-01 03:53:26
21108531,973,2021-07-07 15:36:56
21078321,973,2021-07-02 08:06:04
21094651,973,2021-07-04 14:23:35
20030031,973,2021-07-16 22:50:31
21120051,973,2021-07-22 13:54:09
21105251,973,2021-07-08 03:58:55
21002721,973,2021-07-05 14:05:54
21117081,973,2021-07-18 19:51:00
21093411,973,2021-07-14 03:31:53
21104551,973,2021-07-07 22:44:28
21099741,973,2021-07-04 23:20:26
21093521,973,2021-07-22 15:56:37
20056951,973,2021-07-22 07:05:05
21121841,973,2021-07-21 12:53:09
21021471,973,2021-07-23 03:16:12
21040001,973,2021-07-11 18:11:07
21112151,973,2021-07-07 09:24:25
20120721,973,2021-07-06 00:04:59
21094601,973,2021-07-07 17:14:16
21026821,973,2021-06-29 14:21:32
21071061,973,2021-07-19 07:24:33
21022831,973,2021-07-10 20:38:59
21010131,973,2021-07-21 18:00:51
21106181,973,2021-07-04 13:32:13
21023751,973,2021-07-17 05:28:52
21123231,973,2021-07-08 18:04:38
21097611,973,2021-07-10 19:40:11
21136801,973,2021-07-02 01:11:59
21130221,973,2021-07-05 05:50:25
21074741,973,2021-07-02 07:00:13
21054311,973,2021-07-19 22:27:33
21010151,973,2021-07-08 03:11:04
21118981,973,2021-07-21 19:12:55
21096001,973,2021-06-28 00:07:14
21082941,973,2021-07-05 05:28:15
21093491,973,2021-07-06 23:10:20
21041211,973,2021-07-08 17:35:06
21132701,973,2021-07-11 18:41:14
21094311,973,2021-07-12 22:43:50
21114651,973,2021-07-12 09:27:30
21099581,973,2021-07-19 04:32:45
21105891,973,2021-07-07 00:54:28
21000461,973,2021-06-26 18:42:39
21096511,973,2021-07-18 11:28:16
21004231,973,2021-07-01 14:38:06
21099921,973,2021-06-30 00:33:31
21025861,973,2021-07-16 19:33:35
21100901,973,2021-07-10 05:24:52
21039741,973,2021-06-29 09:57:48
21031271,973,2021-07-01 23:40:39
21109451,973,2021-07-08 23:11:23
21017711,973,2021-07-17 13:12:02
21090141,973,2021-06-30 23:55:45
21032491,973,2021-07-13 10:08:17
21109921,973,2021-06-29 21:02:44
21011801,973,2021-07-04 20:02:25
21048401,973,2021-07-02 08:10:03
21085631,973,2021-07-17 13:24:03
20074861,973,2021-07-11 05:20:57
21003901,973,2021-06-30 08:53:58
21115711,973,2021-07-12 14:24:14
21068521,973,2021-07-22 22:18:06
21116621,973,2021-07-20 10:53:00
21139681,973,2021-07-22 15:26:51
21017711,974,2021-07-17 23:24:46
21082941,974,2021-07-03 19:22:30
21093521,974,2021-07-05 21:05:19
21115711,974,2021-07-06 17:40:40
21010131,974,2021-07-16 04:19:48
21022831,974,2021-07-08 16:21:07
21039741,974,2021-07-20 04:19:04
21071061,974,2021-07-14 15:51:21
21085631,974,2021-07-05 10:50:10
21026821,974,2021-07-09 22:43:12
21118981,974,2021-06-30 16:38:37
21100901,974,2021-07-04 03:47:20
21094311,974,2021-07-01 09:36:04
21004231,974,2021-07-04 06:02:22
20030031,974,2021-07-16 19:53:12
21021471,974,2021-06-30 20:18:42
21041211,974,2021-07-19 10:15:09
21104551,974,2021-06-28 03:17:00
21031271,974,2021-07-17 00:50:57
21132701,974,2021-07-23 20:09:24
20074861,974,2021-07-23 09:44:02
21068521,974,2021-07-12 14:32:23
21139681,974,2021-06-30 20:09:46
21130221,974,2021-07-22 13:38:35
21120051,974,2021-07-05 01:32:46
21093491,974,2021-07-08 21:24:28
21002721,974,2021-07-07 23:34:41
21096001,974,2021-07-23 17:23:46
21105891,974,2021-07-16 03:08:28
21116621,974,2021-07-15 10:59:37
20120721,974,2021-07-12 20:53:08
21099581,974,2021-07-09 17:36:42
21048401,974,2021-06-30 03:18:58
21078321,974,2021-07-08 23:57:06
21074741,974,2021-07-09 19:19:41
21040001,974,2021-06-30 10:48:21
21136801,974,2021-07-18 18:43:56
21108531,974,2021-06-30 16:44:09
21114651,974,2021-07-19 19:11:00
21025861,974,2021-07-23 07:18:42
21106181,974,2021-06-29 20:12:20
21023751,974,2021-07-15 14:01:16
21121841,974,2021-07-20 02:00:04
21094601,974,2021-07-02 10:24:31
21109921,974,2021-07-08 04:49:49
21109451,974,2021-07-01 12:27:37
21010151,974,2021-07-17 07:53:43
21097611,974,2021-07-06 13:14:36
21105251,974,2021-07-04 18:33:02
21099921,974,2021-07-15 12:34:53
21123231,974,2021-07-17 05:17:10
21000461,974,2021-06-29 04:56:23
21093411,974,2021-07-15 01:43:13
21099741,974,2021-06-30 22:23:32
20056951,974,2021-07-03 20:31:12
21032491,974,2021-06-30 09:07:11
21117081,974,2021-07-16 07:44:44
21003901,974,2021-07-21 15:52:54
21054311,974,2021-07-06 01:51:09
21096511,974,2021-07-06 16:28:46
21112151,974,2021-07-19 08:04:34
21011801,974,2021-07-06 13:23:28
21090141,974,2021-07-19 15:37:31
21094651,974,2021-07-04 06:36:18
21032491,975,2021-06-20 18:07:00
21116621,975,2021-07-16 08:54:06
21130221,975,2021-06-27 14:30:06
21099921,975,2021-07-07 21:32:54
20074861,975,2021-07-16 14:17:46
21003901,975,2021-07-03 12:52:47
21000461,975,2021-07-03 02:53:21
21099581,975,2021-06-30 22:59:59
21104551,975,2021-06-22 09:17:35
21039741,975,2021-06-25 04:26:35
21010131,975,2021-07-08 07:21:14
21123231,975,2021-06-28 02:09:26
21082941,975,2021-07-10 16:44:40
21112151,975,2021-07-03 11:49:58
21068521,975,2021-07-01 16:12:00
21094601,975,2021-07-10 08:39:26
21023751,975,2021-07-03 05:07:57
21010151,975,2021-07-10 11:13:41
21094311,975,2021-07-16 09:38:04
21085631,975,2021-07-16 22:25:51
21071061,975,2021-07-16 12:26:16
21041211,975,2021-07-09 02:41:11
21136801,975,2021-06-29 05:20:13
21021471,975,2021-07-09 00:12:36
21099741,975,2021-07-13 07:45:19
21100901,975,2021-07-10 09:49:35
21096511,975,2021-07-15 10:05:01
21017711,975,2021-06-27 22:17:33
21105891,975,2021-07-02 15:29:03
21109451,975,2021-06-22 15:23:15
21108531,975,2021-07-03 21:46:51
21002721,975,2021-07-09 22:40:56
21026821,975,2021-06-27 05:04:05
21040001,975,2021-07-16 00:16:49
20056951,975,2021-07-15 08:44:14
20120721,975,2021-07-07 21:26:30
20030031,975,2021-06-24 20:46:07
21097611,975,2021-06-21 16:39:39
21117081,975,2021-07-04 23:51:40
21118981,975,2021-07-07 09:14:31
21022831,975,2021-07-08 21:40:23
21004231,975,2021-07-16 00:33:40
21074741,975,2021-06-20 17:34:54
21114651,975,2021-07-08 04:26:30
21031271,975,2021-06-25 01:31:11
21090141,975,2021-06-28 22:56:36
21054311,975,2021-07-14 01:37:47
21106181,975,2021-06-25 18:47:35
21139681,975,2021-07-04 15:24:06
21093411,975,2021-07-07 23:57:04
21120051,975,2021-06-22 05:29:14
21093521,975,2021-06-21 03:39:48
21096001,975,2021-07-14 10:01:28
21132701,975,2021-07-13 16:29:22
21093491,975,2021-07-03 01:04:39
21115711,975,2021-06-22 10:43:24
21011801,975,2021-07-08 08:20:09
21094651,975,2021-07-01 17:27:25
21078321,975,2021-07-15 23:56:49
21025861,975,2021-06-21 01:43:49
21105251,975,2021-07-10 00:27:41
21121841,975,2021-06-30 05:07:04
21109921,975,2021-07-06 12:08:28
21048401,975,2021-07-15 15:22:59
21105251,976,2021-07-06 00:49:36
21099921,976,2021-07-11 07:06:00
21120051,976,2021-06-27 04:47:24
21099741,976,2021-07-17 06:10:54
21093521,976,2021-07-19 07:08:08
21026821,976,2021-07-05 05:03:49
21130221,976,2021-07-19 08:27:12
21109451,976,2021-07-14 04:08:24
21022831,976,2021-06-28 03:46:50
21010131,976,2021-07-03 06:12:40
20120721,976,2021-06-26 08:24:35
21105891,976,2021-07-06 21:50:23
21071061,976,2021-07-11 01:11:43
21041211,976,2021-07-09 01:41:14
21097611,976,2021-07-19 06:09:31
21121841,976,2021-07-14 17:34:03
21106181,976,2021-07-09 09:29:02
21115711,976,2021-06-27 01:57:05
21002721,976,2021-07-08 10:26:18
21017711,976,2021-06-27 15:32:07
21132701,976,2021-07-02 07:18:37
21004231,976,2021-06-24 07:44:11
21003901,976,2021-07-01 20:11:41
21116621,976,2021-07-07 00:56:19
21021471,976,2021-07-18 22:40:07
21118981,976,2021-07-10 01:34:07
21078321,976,2021-06-26 06:24:52
21104551,976,2021-07-11 23:09:56
20074861,976,2021-07-09 10:55:05
21032491,976,2021-07-02 04:45:39
21090141,976,2021-07-15 17:55:39
21054311,976,2021-07-04 08:40:41
21096511,976,2021-06-29 15:59:45
21112151,976,2021-07-14 07:25:01
21068521,976,2021-06-27 21:00:25
21039741,976,2021-07-12 15:21:36
21082941,976,2021-07-14 22:33:24
21117081,976,2021-06-24 17:03:59
21093411,976,2021-07-10 01:19:43
21000461,976,2021-07-02 17:07:07
21031271,976,2021-06-24 05:49:13
21094601,976,2021-07-03 03:17:06
21085631,976,2021-07-18 17:40:18
21114651,976,2021-07-14 06:02:22
21010151,976,2021-07-09 16:45:37
21023751,976,2021-07-09 08:33:27
21048401,976,2021-07-04 20:07:05
21025861,976,2021-07-19 03:27:40
21123231,976,2021-07-07 00:19:38
21094311,976,2021-07-14 05:10:53
21093491,976,2021-07-04 06:05:33
21011801,976,2021-07-18 04:12:23
21074741,976,2021-06-28 12:39:41
21096001,976,2021-06-26 20:14:24
20030031,976,2021-07-02 23:32:17
21094651,976,2021-07-20 17:32:00
20056951,976,2021-07-15 11:00:47
21040001,976,2021-07-12 08:24:23
21108531,976,2021-07-02 06:53:27
21109921,976,2021-07-15 17:02:04
21136801,976,2021-07-19 09:51:02
21139681,976,2021-07-08 02:20:22
21100901,976,2021-07-21 15:05:35
21010151,977,2021-06-24 00:48:21
21011801,977,2021-07-01 00:56:47
21099741,977,2021-07-09 23:24:19
21094311,977,2021-07-01 16:42:53
21105891,977,2021-06-30 17:14:52
21118981,977,2021-06-24 20:34:49
21117081,977,2021-07-09 18:44:17
21010131,977,2021-06-25 10:53:03
21097611,977,2021-07-05 21:55:59
21123231,977,2021-07-08 01:08:27
21115711,977,2021-07-08 22:58:58
21003901,977,2021-07-06 08:20:53
21004231,977,2021-07-04 12:33:04
21025861,977,2021-07-04 00:00:44
21108531,977,2021-07-02 13:39:46
21093521,977,2021-06-26 12:10:22
21074741,977,2021-06-20 06:42:03
21078321,977,2021-07-03 11:06:39
21017711,977,2021-07-02 11:34:20
21068521,977,2021-06-30 16:48:41
21104551,977,2021-07-01 22:09:22
21136801,977,2021-07-06 12:13:57
21002721,977,2021-06-21 18:52:17
21116621,977,2021-07-02 01:07:06
21105251,977,2021-07-03 01:58:09
21032491,977,2021-07-08 07:59:45
21054311,977,2021-06-21 02:01:56
21096511,977,2021-06-27 02:42:35
21071061,977,2021-06-30 01:41:20
21120051,977,2021-06-27 01:03:57
21099921,977,2021-06-24 23:49:53
21130221,977,2021-07-10 12:59:28
21021471,977,2021-07-11 20:26:01
21096001,977,2021-06-29 14:22:37
21090141,977,2021-06-30 19:23:51
21040001,977,2021-07-09 18:58:56
21093491,977,2021-06-26 15:37:42
21031271,977,2021-06-29 10:31:12
21100901,977,2021-07-11 12:35:06
21109921,977,2021-06-24 10:38:56
21099581,977,2021-07-03 17:29:27
21048401,977,2021-06-24 19:34:14
21022831,977,2021-06-30 11:51:29
21112151,977,2021-06-29 08:09:48
21114651,977,2021-06-28 11:56:07
21132701,977,2021-07-06 08:54:46
21039741,977,2021-07-11 19:11:15
21121841,977,2021-06-26 00:58:06
21094651,977,2021-07-03 22:29:09
21041211,977,2021-07-08 17:43:48
21106181,977,2021-07-03 02:51:46
21026821,977,2021-06-27 01:02:49
21139681,977,2021-07-07 07:12:06
21085631,977,2021-07-07 03:34:51
21082941,977,2021-06-23 02:13:20
21109451,977,2021-07-02 09:03:21
21093411,977,2021-07-07 06:36:13
21023751,977,2021-06-29 00:49:37
21000461,977,2021-06-28 02:45:37
21094601,977,2021-06-21 08:19:35
21099581,978,2021-07-08 23:43:09
21120051,1019,2021-12-12 16:55:03
21022831,1019,2021-12-03 14:19:52
21039741,1019,2021-12-18 21:07:55
21094651,1019,2021-12-07 04:47:37
21114651,1019,2021-12-21 17:00:49
21071061,1019,2021-12-14 10:09:47
21109451,1019,2021-12-17 11:43:56
21104551,1019,2021-12-05 09:00:23
21093411,1019,2021-12-17 07:53:39
21099581,1019,2021-12-17 01:09:03
21115711,1019,2021-12-08 08:58:48
21094601,1019,2021-12-14 09:55:41
21132701,1019,2021-12-06 04:48:47
21010131,1019,2021-12-09 14:41:37
21023751,1019,2021-12-09 07:45:44
21078321,1019,2021-12-12 15:57:44
21003901,1019,2021-12-01 16:01:23
21074741,1019,2021-12-11 15:41:48
21106181,1019,2021-12-05 16:16:41
21082941,1019,2021-12-14 11:54:39
21002721,1019,2021-12-18 23:22:16
21010151,1019,2021-12-15 02:54:02
21112151,1019,2021-12-13 01:16:00
21099741,1019,2021-12-04 11:06:52
21108531,1019,2021-12-01 05:19:04
21025861,1019,2021-12-03 10:10:03
21099921,1019,2021-12-09 09:25:11
21017711,1019,2021-12-14 14:52:27
21096511,1019,2021-12-16 02:19:04
21026821,1019,2021-12-11 07:26:02
21054311,1019,2021-12-16 13:19:55
21109921,1019,2021-12-21 00:03:19
21118981,1019,2021-12-07 23:15:18
21021471,1019,2021-12-14 00:31:04
21032491,1019,2021-12-18 17:03:17
21040001,1019,2021-11-29 20:59:51
21097611,1019,2021-12-06 05:56:27
21031271,1019,2021-11-28 04:58:38
21094311,1019,2021-12-11 05:10:34
21130221,1019,2021-12-01 01:29:50
21105251,1019,2021-12-01 14:41:27
21139681,1019,2021-12-09 22:47:01
21004231,1019,2021-12-08 06:19:26
21123231,1019,2021-12-05 10:09:48
21090141,1019,2021-12-15 07:33:54
21000461,1019,2021-12-11 21:03:36
21048401,1019,2021-11-29 05:17:57
21011801,1019,2021-12-19 20:19:55
21096001,1019,2021-12-13 07:10:27
21105891,1019,2021-12-21 14:17:18
21093521,1019,2021-12-17 21:15:14
21136801,1019,2021-12-03 13:40:34
21121841,1019,2021-12-20 13:57:09
21100901,1019,2021-12-17 15:46:37
21117081,1019,2021-12-04 03:37:25
21085631,1019,2021-11-29 22:15:38
21093491,1019,2021-12-05 16:04:01
21068521,1019,2021-12-03 06:43:06
21041211,1019,2021-12-20 09:21:41
21116621,1019,2021-12-14 01:06:25
21068521,1020,2021-12-04 20:48:03
21130221,1020,2021-11-30 05:00:20
21096511,1020,2021-12-10 20:00:37
21021471,1020,2021-12-01 01:29:58
21010151,1020,2021-12-07 04:40:35
21048401,1020,2021-12-08 20:24:01
21132701,1020,2021-12-04 13:34:58
21121841,1020,2021-12-12 01:19:32
21032491,1020,2021-11-21 11:51:50
21026821,1020,2021-12-09 17:40:49
21094311,1020,2021-12-05 12:20:38
21100901,1020,2021-12-15 01:28:18
21117081,1020,2021-11-23 05:03:55
21093411,1020,2021-12-06 13:04:15
21085631,1020,2021-11-24 15:38:35
21099921,1020,2021-11-24 10:17:05
21054311,1020,2021-12-08 00:59:07
21099741,1020,2021-12-03 08:19:05
21041211,1020,2021-11-30 07:25:50
21139681,1020,2021-12-11 07:43:56
21109451,1020,2021-12-08 02:10:04
21105251,1020,2021-11-30 12:16:58
21040001,1020,2021-12-05 14:08:12
21093521,1020,2021-11-22 23:10:10
21114651,1020,2021-12-07 08:52:38
21000461,1020,2021-12-16 15:32:52
21022831,1020,2021-11-26 02:01:56
21115711,1020,2021-12-05 13:03:38
21031271,1020,2021-11-23 23:19:19
21082941,1020,2021-12-10 16:22:05
21011801,1020,2021-11-22 05:27:51
21094651,1020,2021-11-22 13:55:45
21109921,1020,2021-12-05 23:27:21
21096001,1020,2021-11-24 07:51:27
21090141,1020,2021-12-12 06:37:42
21094601,1020,2021-11-30 16:21:50
21104551,1020,2021-12-09 01:44:14
21097611,1020,2021-12-03 02:00:54
21105891,1020,2021-11-25 08:01:37
21003901,1020,2021-12-11 12:26:49
21017711,1020,2021-12-13 21:14:10
21010131,1020,2021-12-14 03:08:52
21074741,1020,2021-12-14 03:31:21
21099581,1020,2021-12-03 03:20:16
21123231,1020,2021-12-07 18:11:27
21136801,1020,2021-12-14 14:29:44
21106181,1020,2021-11-27 08:51:30
21023751,1020,2021-12-05 07:32:06
21002721,1020,2021-12-15 12:26:02
21112151,1020,2021-11-28 19:39:04
21116621,1020,2021-11-24 11:26:39
21078321,1020,2021-11-29 13:52:48
21120051,1020,2021-12-03 15:57:58
21039741,1020,2021-12-04 18:25:18
21025861,1020,2021-11-30 10:15:41
21108531,1020,2021-11-23 20:51:47
21004231,1020,2021-12-01 13:34:31
21093491,1020,2021-12-11 01:19:10
21118981,1020,2021-11-28 18:45:28
21071061,1020,2021-12-16 08:49:21
21017711,1021,2021-12-08 16:28:57
21000461,1021,2021-12-12 10:32:23
21010151,1021,2021-12-06 12:24:47
21071061,1021,2021-12-06 22:11:50
21112151,1021,2021-12-02 07:53:31
21004231,1021,2021-12-11 02:15:33
21096001,1021,2021-11-29 17:52:13
21094311,1021,2021-12-08 14:30:55
21010131,1021,2021-12-16 09:51:10
21068521,1021,2021-12-15 00:54:59
21109451,1021,2021-12-04 03:49:22
21116621,1021,2021-12-18 09:47:58
21139681,1021,2021-12-10 02:59:49
21048401,1021,2021-12-12 02:50:11
21094601,1021,2021-12-03 03:49:11
21099581,1021,2021-12-16 11:05:03
21136801,1021,2021-12-03 07:06:23
21031271,1021,2021-12-01 16:12:25
21121841,1021,2021-11-30 19:14:22
21094651,1021,2021-12-16 01:08:02
21023751,1021,2021-11-29 03:33:36
21099921,1021,2021-12-02 19:03:17
21002721,1021,2021-12-14 00:01:29
21109921,1021,2021-12-07 11:53:28
21003901,1021,2021-12-08 16:28:33
21108531,1021,2021-11-28 05:34:03
21026821,1021,2021-12-18 01:20:43
21040001,1021,2021-12-14 02:32:11
21106181,1021,2021-12-15 19:59:31
21093411,1021,2021-11-29 12:47:49
21105891,1021,2021-12-19 00:11:47
21123231,1021,2021-12-15 05:25:37
21093521,1021,2021-12-05 16:55:47
21099741,1021,2021-12-08 13:06:41
21097611,1021,2021-12-16 22:40:42
21082941,1021,2021-12-12 23:26:37
21025861,1021,2021-12-06 22:20:05
21039741,1021,2021-12-14 00:58:51
21022831,1021,2021-12-17 18:48:24
21130221,1021,2021-12-19 15:13:29
21032491,1021,2021-12-09 21:15:32
21132701,1021,2021-11-28 18:13:33
21114651,1021,2021-12-13 00:39:08
21118981,1021,2021-12-14 07:19:41
21104551,1021,2021-11-30 12:18:29
21078321,1021,2021-12-14 21:50:07
21054311,1021,2021-11-29 04:30:44
21041211,1021,2021-12-15 22:38:47
21105251,1021,2021-12-14 07:32:37
21021471,1021,2021-12-16 22:52:33
21096511,1021,2021-12-02 22:05:10
21117081,1021,2021-12-06 16:31:16
21115711,1021,2021-12-16 11:44:42
21085631,1021,2021-12-13 08:07:30
21120051,1021,2021-12-10 21:01:03
21011801,1021,2021-12-19 01:54:10
21100901,1021,2021-12-12 01:04:07
21093491,1021,2021-12-02 05:20:15
21074741,1021,2021-12-12 02:48:35
21090141,1021,2021-12-05 20:24:40
19352021,1024,2021-12-12 03:46:47
19349651,1024,2021-11-24 04:03:10
19352111,1024,2021-11-28 09:13:55
19352021,1025,2021-12-02 21:40:13
19349651,1025,2021-12-07 15:07:21
19352111,1025,2021-11-22 22:34:57
19349651,1026,2021-12-10 11:44:16
19352021,1026,2021-12-06 13:25:14
19352111,1026,2021-12-09 18:29:51
21031271,1088,2022-07-13 23:31:02
21000461,1088,2022-07-16 19:44:28
21097611,1088,2022-07-05 07:19:24
21023751,1088,2022-06-25 14:07:36
21093491,1088,2022-06-29 10:57:50
21003901,1088,2022-07-07 21:59:06
21094601,1088,2022-06-28 10:12:39
21071061,1088,2022-07-14 22:50:44
21017711,1088,2022-07-07 00:01:49
21116621,1088,2022-07-06 13:31:48
21109451,1088,2022-07-02 10:09:47
21114651,1088,2022-07-07 02:11:57
21004231,1088,2022-07-14 06:01:01
21011801,1088,2022-06-26 15:58:26
21105891,1088,2022-06-27 04:16:23
21022831,1088,2022-07-04 06:22:35
21099581,1088,2022-07-12 09:33:15
21026821,1088,2022-06-30 10:41:00
21041211,1088,2022-07-11 08:06:34
21093411,1088,2022-07-14 07:36:06
21104551,1088,2022-06-28 20:53:02
21032491,1088,2022-06-23 10:33:28
21117081,1088,2022-07-16 17:11:54
21010151,1088,2022-07-04 23:05:30
21139681,1088,2022-07-01 17:26:51
21093521,1088,2022-07-05 01:37:29
21074741,1088,2022-07-01 07:07:00
21118981,1088,2022-06-25 02:52:25
21120051,1088,2022-07-13 14:01:38
21096511,1088,2022-07-05 00:36:18
21094311,1088,2022-06-25 00:31:27
21106181,1088,2022-07-09 04:58:10
21099741,1088,2022-07-10 17:08:41
21025861,1088,2022-07-04 21:58:13
21039741,1088,2022-06-29 20:23:51
21002721,1088,2022-07-14 15:29:53
21105251,1088,2022-06-30 01:13:04
21112151,1088,2022-07-14 12:53:58
21068521,1088,2022-07-07 05:09:23
21082941,1088,2022-07-06 03:04:01
21096001,1088,2022-06-22 10:40:58
21021471,1088,2022-07-14 17:00:36
21100901,1088,2022-06-23 12:44:24
21040001,1088,2022-06-25 13:53:27
21090141,1088,2022-07-01 19:54:28
21048401,1088,2022-06-30 18:11:32
21123231,1088,2022-07-14 06:21:33
21130221,1088,2022-07-15 03:21:53
21078321,1088,2022-06-29 07:37:57
21085631,1088,2022-07-06 08:16:38
21136801,1088,2022-06-28 13:49:07
21109921,1088,2022-06-25 14:34:11
21010131,1088,2022-06-26 02:31:39
21108531,1088,2022-06-26 03:59:30
21094651,1088,2022-06-29 14:13:03
21099921,1088,2022-07-10 11:25:02
21132701,1088,2022-07-13 22:44:40
21054311,1088,2022-07-10 08:27:04
21121841,1088,2022-07-14 11:16:35
21115711,1088,2022-06-27 02:03:09
21002721,1089,2022-07-08 21:58:37
21120051,1089,2022-07-03 05:09:30
21094311,1089,2022-06-21 03:37:35
21085631,1089,2022-06-28 21:23:18
21094651,1089,2022-06-20 05:53:39
21040001,1089,2022-07-10 01:48:29
21093491,1089,2022-06-20 13:06:48
21048401,1089,2022-06-27 21:19:38
21093521,1089,2022-07-07 18:20:01
21115711,1089,2022-06-30 22:07:45
21032491,1089,2022-06-22 08:15:11
21039741,1089,2022-06-28 20:15:59
21074741,1089,2022-06-22 23:41:08
21118981,1089,2022-07-01 02:49:23
21099581,1089,2022-07-02 01:21:05
21109451,1089,2022-07-07 11:17:19
21090141,1089,2022-07-10 18:55:48
21023751,1089,2022-07-04 17:03:21
21026821,1089,2022-07-03 02:26:50
21025861,1089,2022-06-27 14:57:43
21054311,1089,2022-06-21 09:41:57
21130221,1089,2022-07-03 07:37:07
21116621,1089,2022-06-21 02:27:15
21041211,1089,2022-07-12 03:27:50
21021471,1089,2022-06-24 20:03:25
21096001,1089,2022-06-30 10:52:41
21017711,1089,2022-06-24 05:03:02
21097611,1089,2022-07-03 01:12:59
21004231,1089,2022-07-11 06:54:40
21114651,1089,2022-07-04 02:28:57
21105891,1089,2022-06-30 09:03:26
21093411,1089,2022-06-22 10:59:46
21104551,1089,2022-07-09 11:47:23
21106181,1089,2022-06-24 00:51:02
21112151,1089,2022-06-21 01:56:30
21010151,1089,2022-07-01 00:19:03
21123231,1089,2022-07-02 06:52:51
21121841,1089,2022-06-28 10:37:40
21099741,1089,2022-06-23 20:58:13
21068521,1089,2022-06-21 18:35:25
21011801,1089,2022-06-30 09:46:29
21082941,1089,2022-07-09 06:04:31
21003901,1089,2022-07-10 16:01:22
21078321,1089,2022-07-07 01:21:23
21094601,1089,2022-06-22 09:55:43
21117081,1089,2022-07-11 22:43:55
21108531,1089,2022-06-22 02:25:54
21109921,1089,2022-06-30 22:38:44
21010131,1089,2022-07-09 07:37:27
21139681,1089,2022-07-09 01:57:36
21096511,1089,2022-06-21 14:08:31
21022831,1089,2022-07-04 09:50:20
21100901,1089,2022-07-09 23:15:45
21031271,1089,2022-07-04 14:02:10
21071061,1089,2022-06-20 23:57:00
21000461,1089,2022-07-11 02:29:29
21105251,1089,2022-07-01 07:11:55
21136801,1089,2022-07-01 05:39:30
21099921,1089,2022-06-20 10:07:42
21132701,1089,2022-07-05 08:36:34
21093411,1090,2022-07-12 02:47:52
21093491,1090,2022-06-30 02:32:19
21010131,1090,2022-07-01 03:09:08
21094601,1090,2022-07-06 21:53:30
21004231,1090,2022-07-18 21:40:07
21021471,1090,2022-07-03 13:43:02
21010151,1090,2022-06-29 19:02:25
21074741,1090,2022-06-30 01:02:08
21023751,1090,2022-07-04 11:56:03
21123231,1090,2022-07-09 10:40:24
21108531,1090,2022-07-16 11:07:03
21093521,1090,2022-07-14 15:20:27
21039741,1090,2022-07-15 02:18:12
21097611,1090,2022-07-15 09:42:56
21054311,1090,2022-06-28 07:25:07
21017711,1090,2022-07-07 17:54:36
21094311,1090,2022-07-12 04:52:16
21002721,1090,2022-07-12 12:54:02
21109451,1090,2022-07-16 13:22:05
21114651,1090,2022-07-11 03:40:17
21048401,1090,2022-06-28 17:48:12
21040001,1090,2022-07-10 06:40:26
21105891,1090,2022-07-04 11:44:08
21094651,1090,2022-07-06 03:58:35
21100901,1090,2022-07-06 04:22:32
21099581,1090,2022-07-04 05:29:14
21085631,1090,2022-07-18 23:41:56
21032491,1090,2022-07-02 23:09:16
21025861,1090,2022-06-30 09:02:50
21078321,1090,2022-07-06 04:45:06
21068521,1090,2022-06-29 03:33:38
21099921,1090,2022-07-18 07:54:08
21090141,1090,2022-07-07 23:28:09
21116621,1090,2022-06-28 12:57:46
21041211,1090,2022-07-07 17:15:30
21120051,1090,2022-07-12 17:46:50
21000461,1090,2022-07-16 05:14:15
21099741,1090,2022-07-06 03:33:24
21082941,1090,2022-07-11 23:52:44
21096511,1090,2022-07-10 04:20:49
21022831,1090,2022-07-16 08:02:18
21130221,1090,2022-07-04 05:26:53
21003901,1090,2022-07-15 13:16:46
21118981,1090,2022-07-13 03:44:23
21112151,1090,2022-06-28 11:49:29
21139681,1090,2022-07-11 15:06:17
21115711,1090,2022-07-03 06:14:42
21096001,1090,2022-07-07 00:37:00
21026821,1090,2022-07-17 02:43:23
21031271,1090,2022-07-15 12:50:33
21071061,1090,2022-07-09 15:13:24
21117081,1090,2022-07-05 12:02:27
21109921,1090,2022-07-09 01:57:23
21011801,1090,2022-07-01 13:36:18
21136801,1090,2022-07-05 00:35:02
21104551,1090,2022-07-06 13:43:11
21121841,1090,2022-07-18 19:30:39
21106181,1090,2022-06-28 00:55:24
21132701,1090,2022-07-10 09:16:58
21105251,1090,2022-07-08 00:03:47
21097611,1091,2022-06-29 23:37:31
21112151,1091,2022-07-22 21:19:38
21108531,1091,2022-07-18 10:17:10
21093521,1091,2022-06-30 01:42:41
21105251,1091,2022-07-14 21:42:54
21054311,1091,2022-07-06 22:39:10
21114651,1091,2022-07-24 15:13:45
21094311,1091,2022-07-04 01:19:20
21100901,1091,2022-07-09 09:40:11
21031271,1091,2022-07-08 13:50:22
21039741,1091,2022-07-06 09:10:14
21130221,1091,2022-06-29 05:31:15
21010151,1091,2022-07-09 17:08:15
21109451,1091,2022-07-09 23:24:28
21090141,1091,2022-07-12 12:47:56
21093491,1091,2022-07-19 21:55:16
21078321,1091,2022-07-04 00:51:43
21032491,1091,2022-07-20 23:30:29
21068521,1091,2022-07-14 20:23:31
21002721,1091,2022-07-01 10:37:42
21117081,1091,2022-07-26 19:45:35
21109921,1091,2022-07-13 19:38:53
21000461,1091,2022-07-23 16:58:40
21096001,1091,2022-07-23 03:33:22
21099741,1091,2022-07-24 07:24:52
21118981,1091,2022-07-14 07:59:51
21071061,1091,2022-07-08 17:42:07
21026821,1091,2022-07-19 20:34:54
21017711,1091,2022-07-13 08:02:22
21099921,1091,2022-07-08 10:47:24
21120051,1091,2022-07-11 21:12:29
21025861,1091,2022-07-04 10:20:21
21116621,1091,2022-07-05 19:18:31
21094601,1091,2022-07-23 03:29:34
21099581,1091,2022-07-13 07:13:37
21115711,1091,2022-07-01 18:06:37
21004231,1091,2022-07-20 21:36:22
21106181,1091,2022-07-12 00:54:51
21094651,1091,2022-07-07 22:21:30
21021471,1091,2022-06-29 09:21:53
21082941,1091,2022-07-04 16:14:34
21105891,1091,2022-07-07 14:54:20
21132701,1091,2022-07-13 01:15:34
21085631,1091,2022-07-23 06:26:40
21048401,1091,2022-07-15 08:20:28
21136801,1091,2022-07-12 08:16:20
21010131,1091,2022-07-01 08:47:49
21121841,1091,2022-07-20 16:56:40
21104551,1091,2022-07-26 14:47:52
21022831,1091,2022-07-14 16:50:25
21011801,1091,2022-07-14 06:58:34
21096511,1091,2022-07-07 00:18:55
21123231,1091,2022-07-20 08:58:03
21023751,1091,2022-07-18 12:40:14
21139681,1091,2022-07-18 11:55:56
21041211,1091,2022-07-20 13:03:16
21003901,1091,2022-07-16 12:14:13
21093411,1091,2022-07-22 04:26:43
21074741,1091,2022-07-02 19:32:56
21040001,1091,2022-07-12 16:59:37
21109451,1092,2022-07-04 22:46:44
21104551,1092,2022-06-23 09:35:16
21123231,1092,2022-07-05 03:14:41
21082941,1092,2022-06-26 15:51:28
21120051,1092,2022-07-08 17:28:34
21003901,1092,2022-07-09 18:33:57
21096001,1092,2022-06-27 07:31:20
21112151,1092,2022-07-08 07:07:38
21093521,1092,2022-06-30 11:12:25
21032491,1092,2022-06-17 14:30:30
21132701,1092,2022-06-27 02:48:36
21100901,1092,2022-07-03 17:49:43
21078321,1092,2022-06-30 07:02:34
21093491,1092,2022-06-27 12:35:54
21105891,1092,2022-07-03 07:10:38
21094651,1092,2022-06-24 06:49:56
21025861,1092,2022-07-03 06:39:26
21099581,1092,2022-06-16 13:04:20
21097611,1092,2022-07-04 02:49:37
21048401,1092,2022-06-21 10:58:26
21114651,1092,2022-06-22 14:46:38
21039741,1092,2022-07-02 00:27:55
21105251,1092,2022-06-16 16:24:15
21023751,1092,2022-06-17 22:38:58
21040001,1092,2022-06-30 16:49:50
21021471,1092,2022-06-29 07:54:23
21010131,1092,2022-06-25 01:09:14
21068521,1092,2022-06-22 09:28:30
21136801,1092,2022-06-19 15:53:59
21090141,1092,2022-07-05 19:42:42
21004231,1092,2022-06-19 01:20:12
21017711,1092,2022-07-09 09:06:07
21116621,1092,2022-06-20 21:44:21
21031271,1092,2022-06-19 22:11:21
21000461,1092,2022-06-30 17:55:44
21094311,1092,2022-06-17 03:38:04
21121841,1092,2022-07-07 15:49:23
21022831,1092,2022-06-20 22:27:06
21085631,1092,2022-06-16 03:56:44
21139681,1092,2022-06-18 17:36:04
21096511,1092,2022-06-24 19:36:25
21117081,1092,2022-06-20 01:37:04
21109921,1092,2022-06-24 19:19:47
21074741,1092,2022-06-23 05:21:54
21118981,1092,2022-07-03 22:02:33
21010151,1092,2022-06-24 05:23:03
21041211,1092,2022-06-24 20:48:56
21071061,1092,2022-07-05 13:50:58
21054311,1092,2022-07-04 10:13:50
21130221,1092,2022-07-03 10:46:21
21099921,1092,2022-07-02 00:11:19
21026821,1092,2022-06-19 14:51:06
21002721,1092,2022-07-05 21:38:08
21106181,1092,2022-06-20 16:09:42
21094601,1092,2022-06-18 19:14:36
21099741,1092,2022-07-02 16:59:40
21011801,1092,2022-06-21 17:17:27
21108531,1092,2022-06-26 10:12:11
21115711,1092,2022-06-25 17:09:24
21093411,1092,2022-06-16 16:00:57
21123231,1093,2022-06-29 00:09:15
21117081,1093,2022-06-25 08:29:03
21023751,1093,2022-07-11 15:02:31
21040001,1093,2022-07-10 09:55:36
21108531,1093,2022-07-08 07:05:26
21025861,1093,2022-06-22 04:02:46
21130221,1093,2022-07-02 03:19:13
21010151,1093,2022-06-21 01:02:49
21002721,1093,2022-06-23 17:03:22
21114651,1093,2022-06-29 23:44:27
21132701,1093,2022-06-29 00:35:18
21041211,1093,2022-06-20 11:52:24
21099581,1093,2022-06-27 06:55:29
21032491,1093,2022-06-23 10:21:05
21105891,1093,2022-07-07 20:47:26
21136801,1093,2022-07-10 15:50:03
21090141,1093,2022-06-26 05:03:11
21021471,1093,2022-07-04 18:02:17
21000461,1093,2022-06-20 11:48:46
21116621,1093,2022-06-25 01:22:07
21139681,1093,2022-06-28 01:48:13
21054311,1093,2022-07-11 13:35:19
21010131,1093,2022-07-06 22:47:53
21109451,1093,2022-07-01 06:53:38
21078321,1093,2022-06-27 17:53:37
21094601,1093,2022-06-29 15:24:05
21094651,1093,2022-06-21 11:48:45
21093411,1093,2022-06-26 10:57:26
21106181,1093,2022-06-20 06:23:50
21096001,1093,2022-06-28 08:10:11
21074741,1093,2022-07-07 13:43:01
21105251,1093,2022-07-09 17:16:07
21026821,1093,2022-07-08 09:29:46
21071061,1093,2022-06-21 16:26:46
21017711,1093,2022-07-01 07:56:25
21039741,1093,2022-07-02 00:04:26
21004231,1093,2022-06-20 08:31:05
21100901,1093,2022-06-29 14:24:32
21085631,1093,2022-07-11 17:34:20
21109921,1093,2022-07-09 11:56:37
21121841,1093,2022-07-11 17:08:40
21003901,1093,2022-06-23 02:10:46
21115711,1093,2022-06-20 20:07:54
21093521,1093,2022-07-08 22:46:28
21118981,1093,2022-06-20 14:45:54
21082941,1093,2022-06-28 10:56:53
21094311,1093,2022-06-22 22:25:54
21093491,1093,2022-06-29 19:49:25
21096511,1093,2022-06-19 17:22:07
21099741,1093,2022-06-19 17:01:01
21112151,1093,2022-06-24 12:50:22
19335371,1093,2022-06-19 11:09:59
21099921,1093,2022-06-30 21:41:03
21120051,1093,2022-06-21 10:00:09
21104551,1093,2022-07-07 15:11:30
21097611,1093,2022-06-29 22:04:52
21031271,1093,2022-07-04 04:25:42
21048401,1093,2022-06-20 09:53:16
21022831,1093,2022-07-05 07:50:48
19341951,1093,2022-06-24 12:06:15
21068521,1093,2022-06-19 19:42:17
21011801,1093,2022-07-01 07:27:05
19341951,1094,2022-07-08 12:26:34
19335371,1094,2022-07-12 01:59:28
19335371,1095,2022-06-25 04:10:21
19341951,1095,2022-07-12 12:00:44
19341951,1096,2022-06-23 05:57:36
19335371,1096,2022-06-25 12:49:29
21121841,1164,2022-12-07 02:23:50
21003901,1164,2022-12-04 22:50:41
21041211,1164,2022-12-08 04:26:25
21085631,1164,2022-12-11 06:41:47
21099921,1164,2022-11-24 08:32:51
21022831,1164,2022-12-12 07:12:41
21094651,1164,2022-11-25 12:01:03
21115711,1164,2022-12-16 00:09:56
21136801,1164,2022-12-06 04:49:33
21040001,1164,2022-12-02 13:32:31
21093411,1164,2022-12-07 23:57:45
21096511,1164,2022-12-10 17:13:30
21116621,1164,2022-12-04 09:45:46
21031271,1164,2022-12-05 02:30:48
21054311,1164,2022-12-16 05:53:04
21082941,1164,2022-12-01 15:06:00
21025861,1164,2022-11-27 21:35:04
21120051,1164,2022-11-22 08:50:29
21032491,1164,2022-12-06 06:31:03
21078321,1164,2022-12-12 05:28:37
21004231,1164,2022-12-11 17:17:14
21093521,1164,2022-11-22 04:16:42
21039741,1164,2022-11-29 22:12:03
21105251,1164,2022-12-11 15:59:19
21096001,1164,2022-12-02 00:18:13
21021471,1164,2022-11-29 12:39:36
21010151,1164,2022-11-22 18:55:35
21105891,1164,2022-12-01 00:26:15
21094311,1164,2022-12-03 00:55:10
21099581,1164,2022-12-16 12:00:06
21099741,1164,2022-11-27 16:31:46
21023751,1164,2022-12-08 04:34:57
21114651,1164,2022-12-11 02:12:29
21132701,1164,2022-12-06 19:02:05
21104551,1164,2022-12-02 00:06:33
21010131,1164,2022-12-04 15:07:50
21109921,1164,2022-12-03 15:34:39
21139681,1164,2022-11-28 07:07:03
21000461,1164,2022-12-10 01:28:48
21071061,1164,2022-12-10 08:29:54
21093491,1164,2022-11-26 16:05:48
21097611,1164,2022-11-26 18:27:25
21094601,1164,2022-11-22 02:49:51
21026821,1164,2022-12-04 13:31:52
21074741,1164,2022-12-14 20:59:01
21068521,1164,2022-12-11 00:11:55
21109451,1164,2022-12-04 11:35:26
21002721,1164,2022-11-25 11:32:37
21011801,1164,2022-12-01 13:55:54
21112151,1164,2022-11-27 09:35:48
21106181,1164,2022-12-13 20:18:08
21048401,1164,2022-12-03 21:17:02
21130221,1164,2022-11-24 14:41:27
21117081,1164,2022-12-04 10:13:40
21118981,1164,2022-12-10 00:09:06
21123231,1164,2022-12-11 18:22:30
21090141,1164,2022-12-07 05:00:21
21017711,1164,2022-12-05 14:17:02
21108531,1164,2022-12-12 02:28:00
21100901,1164,2022-11-30 20:00:31
21130221,1165,2022-12-19 13:19:53
21022831,1165,2022-12-06 21:58:33
21094601,1165,2022-12-06 21:36:38
21026821,1165,2022-12-08 14:31:26
21000461,1165,2022-12-15 00:45:36
21078321,1165,2022-11-30 03:15:24
21094311,1165,2022-12-01 04:42:00
21039741,1165,2022-12-18 10:25:41
21002721,1165,2022-12-17 02:41:32
21109921,1165,2022-12-06 14:53:24
21136801,1165,2022-12-10 04:53:27
21116621,1165,2022-12-01 09:28:20
21025861,1165,2022-12-18 12:14:47
21123231,1165,2022-12-16 22:02:33
21048401,1165,2022-12-13 00:10:05
21011801,1165,2022-12-11 11:39:00
21093411,1165,2022-12-19 04:02:17
21068521,1165,2022-12-03 01:09:55
21041211,1165,2022-12-13 06:16:48
21099921,1165,2022-11-29 17:02:09
21017711,1165,2022-12-14 12:58:46
21054311,1165,2022-12-13 02:23:26
21094651,1165,2022-12-10 15:07:52
21004231,1165,2022-12-14 07:13:56
21105251,1165,2022-12-15 12:21:02
21104551,1165,2022-12-17 21:25:38
21082941,1165,2022-12-18 06:58:46
21100901,1165,2022-12-17 17:14:22
21031271,1165,2022-12-05 17:44:41
21096511,1165,2022-12-09 18:20:49
21003901,1165,2022-11-30 13:03:32
21074741,1165,2022-12-03 09:05:05
21071061,1165,2022-12-14 01:16:33
21106181,1165,2022-12-19 03:30:00
21121841,1165,2022-11-30 19:39:12
21093491,1165,2022-12-17 03:50:18
21096001,1165,2022-12-13 00:30:56
21021471,1165,2022-12-04 10:30:39
21108531,1165,2022-12-07 22:00:03
21085631,1165,2022-12-04 04:32:52
21097611,1165,2022-12-16 15:03:38
21112151,1165,2022-12-07 02:55:35
21099581,1165,2022-12-16 20:00:41
21139681,1165,2022-12-05 20:40:35
21010131,1165,2022-12-01 22:35:48
21117081,1165,2022-12-09 03:31:17
21109451,1165,2022-12-06 08:21:53
21023751,1165,2022-12-07 08:22:24
21114651,1165,2022-12-14 16:08:40
21118981,1165,2022-11-30 22:36:49
21093521,1165,2022-11-29 13:47:35
21032491,1165,2022-12-12 14:39:20
21132701,1165,2022-12-07 21:46:39
21120051,1165,2022-12-15 17:34:51
21099741,1165,2022-12-11 21:52:45
21105891,1165,2022-12-11 00:02:28
21090141,1165,2022-12-18 02:30:12
21115711,1165,2022-12-12 08:58:31
21010151,1165,2022-12-01 03:45:50
21040001,1165,2022-12-07 11:40:08
21136801,1166,2022-11-23 17:50:26
21031271,1166,2022-11-18 17:40:25
21109451,1166,2022-11-24 04:49:43
21105251,1166,2022-11-27 00:09:58
21097611,1166,2022-11-27 03:15:43
21118981,1166,2022-11-21 13:38:24
21139681,1166,2022-12-10 10:48:35
21108531,1166,2022-12-03 06:49:06
21123231,1166,2022-11-24 21:12:30
21121841,1166,2022-11-23 21:29:59
21104551,1166,2022-11-28 08:24:50
21010151,1166,2022-12-09 05:49:02
21105891,1166,2022-12-06 20:54:16
21026821,1166,2022-11-29 05:30:28
21048401,1166,2022-12-10 18:34:32
21003901,1166,2022-12-07 06:36:13
21085631,1166,2022-12-04 15:05:33
21090141,1166,2022-12-04 09:36:01
21039741,1166,2022-12-03 19:09:30
21093411,1166,2022-11-19 18:31:32
21040001,1166,2022-11-29 04:08:11
21099741,1166,2022-11-27 06:08:35
21094601,1166,2022-12-02 12:53:10
21022831,1166,2022-11-19 20:30:39
21010131,1166,2022-11-29 23:14:01
21094311,1166,2022-11-27 21:44:23
21017711,1166,2022-11-26 04:22:27
21032491,1166,2022-11-18 03:49:26
21023751,1166,2022-12-07 09:16:26
21114651,1166,2022-12-06 14:13:33
21071061,1166,2022-11-20 18:29:51
21002721,1166,2022-12-03 07:49:26
21074741,1166,2022-12-06 11:19:44
21112151,1166,2022-11-23 23:24:52
21093491,1166,2022-11-22 19:18:00
21120051,1166,2022-12-01 18:05:17
21099921,1166,2022-11-30 21:54:47
21116621,1166,2022-11-26 13:51:03
21099581,1166,2022-12-02 09:55:54
21094651,1166,2022-12-08 09:28:24
21021471,1166,2022-12-07 22:50:56
21106181,1166,2022-12-02 12:51:01
21011801,1166,2022-11-25 19:56:41
21093521,1166,2022-11-27 21:53:05
21096001,1166,2022-11-20 01:57:55
21130221,1166,2022-11-24 05:36:31
21068521,1166,2022-11-28 12:21:25
21082941,1166,2022-11-23 21:42:36
21000461,1166,2022-12-09 07:54:39
21054311,1166,2022-11-29 08:02:33
21109921,1166,2022-12-06 00:31:41
21004231,1166,2022-12-02 15:38:59
21041211,1166,2022-12-02 12:26:19
21115711,1166,2022-11-19 07:40:52
21096511,1166,2022-12-05 23:53:34
21025861,1166,2022-11-23 09:27:49
21117081,1166,2022-11-30 21:28:59
21078321,1166,2022-11-27 02:38:47
21100901,1166,2022-11-23 21:45:54
21132701,1166,2022-12-03 23:23:39
21011801,1167,2022-11-26 15:56:16
21004231,1167,2022-12-06 14:27:07
21041211,1167,2022-12-05 12:00:03
21108531,1167,2022-11-25 04:36:11
21032491,1167,2022-12-07 11:51:31
21068521,1167,2022-12-13 02:14:10
21109921,1167,2022-12-02 10:12:40
21099921,1167,2022-11-28 07:26:36
21017711,1167,2022-11-24 11:48:14
21117081,1167,2022-12-03 04:09:00
21123231,1167,2022-12-02 07:16:21
21048401,1167,2022-11-30 18:32:58
21010131,1167,2022-12-03 22:01:08
21116621,1167,2022-12-03 14:58:44
21026821,1167,2022-11-29 14:01:13
21074741,1167,2022-11-27 21:36:42
21099581,1167,2022-12-07 05:50:36
21109451,1167,2022-12-07 12:01:09
21031271,1167,2022-11-27 04:36:21
21115711,1167,2022-12-12 10:06:22
21106181,1167,2022-12-10 17:32:56
21130221,1167,2022-12-12 03:07:18
21099741,1167,2022-12-03 14:35:16
21096511,1167,2022-12-10 05:10:51
21010151,1167,2022-11-22 19:15:17
21094311,1167,2022-12-12 01:06:53
21085631,1167,2022-12-03 13:16:03
21132701,1167,2022-11-22 00:51:23
21090141,1167,2022-12-12 22:46:54
21040001,1167,2022-12-04 16:33:12
21118981,1167,2022-11-22 11:07:12
21112151,1167,2022-11-22 16:18:37
21097611,1167,2022-12-06 09:07:50
21039741,1167,2022-11-30 03:40:55
21100901,1167,2022-12-03 01:42:17
21093491,1167,2022-12-02 19:17:55
21093411,1167,2022-11-26 21:42:15
21025861,1167,2022-12-03 16:45:54
21082941,1167,2022-11-24 15:35:45
21078321,1167,2022-12-02 23:21:45
21104551,1167,2022-11-30 17:32:40
21093521,1167,2022-11-25 06:48:00
21105891,1167,2022-11-25 16:06:32
21003901,1167,2022-12-12 22:06:04
21121841,1167,2022-12-06 11:22:51
21021471,1167,2022-11-26 22:01:03
21071061,1167,2022-12-04 18:53:18
21022831,1167,2022-12-12 13:01:01
21096001,1167,2022-12-03 08:20:50
21120051,1167,2022-12-07 14:32:05
21105251,1167,2022-12-05 17:59:04
21094601,1167,2022-12-05 08:33:03
21094651,1167,2022-11-23 12:01:18
21136801,1167,2022-12-11 15:33:31
21054311,1167,2022-12-10 05:59:43
21139681,1167,2022-12-01 19:57:21
21000461,1167,2022-12-10 13:43:12
21023751,1167,2022-12-04 04:39:45
21002721,1167,2022-11-22 07:18:30
21114651,1167,2022-12-13 12:31:58
21068521,1230,2023-06-30 03:07:01
21085631,1230,2023-07-07 03:19:52
21105891,1230,2023-06-20 21:58:00
21130221,1230,2023-06-26 23:03:47
21000461,1230,2023-07-05 11:20:15
21039741,1230,2023-06-18 16:09:36
21021471,1230,2023-06-26 04:29:22
21121841,1230,2023-06-29 23:31:04
21054311,1230,2023-06-30 03:52:30
21041211,1230,2023-06-19 12:30:52
21010151,1230,2023-06-27 19:56:45
21078321,1230,2023-06-22 18:18:35
21090141,1230,2023-06-22 04:04:31
21031271,1230,2023-06-28 06:56:42
21105251,1230,2023-07-03 06:21:02
21022831,1230,2023-06-30 15:31:29
21074741,1230,2023-06-21 08:58:27
21117081,1230,2023-06-26 04:08:34
21096001,1230,2023-07-03 06:59:07
21011801,1230,2023-07-04 04:05:57
21106181,1230,2023-06-29 13:44:28
21100901,1230,2023-06-19 05:58:43
21003901,1230,2023-06-25 14:58:54
21096511,1230,2023-06-30 02:35:50
21025861,1230,2023-07-01 15:00:30
21112151,1230,2023-06-25 20:11:39
21071061,1230,2023-06-25 03:18:05
21010131,1230,2023-06-22 07:41:39
21023751,1230,2023-06-28 01:00:02
21109921,1230,2023-06-19 05:17:38
21099581,1230,2023-06-20 05:57:38
21093521,1230,2023-06-28 17:27:56
21116621,1230,2023-06-30 05:40:50
21094311,1230,2023-06-20 12:26:15
21123231,1230,2023-07-07 18:37:10
21094651,1230,2023-06-29 19:27:01
21032491,1230,2023-06-22 22:49:56
21097611,1230,2023-06-27 19:09:57
21104551,1230,2023-06-18 10:44:10
21108531,1230,2023-06-26 07:04:37
21048401,1230,2023-06-30 09:44:39
21002721,1230,2023-06-26 19:38:14
21082941,1230,2023-06-30 05:55:20
21109451,1230,2023-06-27 12:29:57
21099741,1230,2023-07-01 16:32:59
21136801,1230,2023-06-28 02:31:22
21094601,1230,2023-07-06 15:05:08
21118981,1230,2023-06-23 14:38:03
21026821,1230,2023-07-03 10:20:41
21040001,1230,2023-07-05 22:56:33
21120051,1230,2023-07-01 09:57:49
21004231,1230,2023-07-08 10:05:28
21093491,1230,2023-07-08 10:30:11
21132701,1230,2023-06-22 03:33:01
21139681,1230,2023-06-24 10:25:33
21115711,1230,2023-06-27 03:28:49
21114651,1230,2023-06-28 15:26:02
21093411,1230,2023-07-07 08:43:48
21099921,1230,2023-06-18 10:32:25
21017711,1230,2023-07-04 10:41:19
21139681,1231,2023-06-16 17:15:34
21130221,1231,2023-07-05 09:14:16
21116621,1231,2023-06-26 06:41:42
21032491,1231,2023-06-17 23:32:21
21078321,1231,2023-06-17 21:01:40
21048401,1231,2023-06-28 12:35:35
21105251,1231,2023-06-22 00:20:30
21136801,1231,2023-06-17 18:48:29
21115711,1231,2023-07-08 06:05:59
21025861,1231,2023-06-20 14:45:50
21112151,1231,2023-06-17 07:06:55
21003901,1231,2023-07-02 17:46:21
21094601,1231,2023-06-15 02:56:46
21090141,1231,2023-06-28 10:41:08
21105891,1231,2023-07-08 03:26:55
21041211,1231,2023-07-05 19:15:01
21022831,1231,2023-06-28 17:17:28
21100901,1231,2023-06-28 09:30:05
21121841,1231,2023-06-25 19:58:19
21021471,1231,2023-06-17 03:08:24
21132701,1231,2023-07-06 01:15:28
21002721,1231,2023-07-07 08:47:37
21123231,1231,2023-06-20 16:47:27
21000461,1231,2023-07-05 01:43:33
21109921,1231,2023-06-16 13:27:24
21104551,1231,2023-06-16 18:04:12
21096511,1231,2023-06-26 21:49:12
21118981,1231,2023-07-03 22:58:55
21093411,1231,2023-06-30 16:33:59
21093491,1231,2023-07-02 11:54:41
21085631,1231,2023-07-07 01:19:15
21023751,1231,2023-06-18 00:12:45
21099581,1231,2023-06-22 10:45:42
21109451,1231,2023-06-17 15:35:27
21054311,1231,2023-06-25 00:01:26
21082941,1231,2023-06-18 23:21:04
21120051,1231,2023-07-03 08:08:40
21026821,1231,2023-06-24 22:19:33
21117081,1231,2023-06-23 10:11:56
21040001,1231,2023-07-06 05:32:23
21068521,1231,2023-06-25 17:09:46
21097611,1231,2023-06-17 15:58:11
21093521,1231,2023-07-02 16:25:43
21099741,1231,2023-06-23 11:41:12
21010151,1231,2023-07-08 15:29:51
21108531,1231,2023-06-23 11:23:47
21094651,1231,2023-06-18 12:51:52
21010131,1231,2023-06-24 04:49:00
21114651,1231,2023-06-22 04:18:16
21017711,1231,2023-06-17 20:06:23
21099921,1231,2023-06-21 01:03:29
21106181,1231,2023-07-01 14:45:06
21011801,1231,2023-06-17 20:23:23
21004231,1231,2023-06-26 00:31:55
21071061,1231,2023-06-30 07:44:04
21031271,1231,2023-06-15 00:18:34
21074741,1231,2023-07-02 08:15:22
21039741,1231,2023-07-08 14:45:31
21094311,1231,2023-06-29 11:22:17
21096001,1231,2023-06-26 12:45:43
21002721,1232,2023-07-13 17:03:08
21068521,1232,2023-06-28 20:31:11
21094651,1232,2023-07-02 21:49:20
21025861,1232,2023-07-05 17:51:11
21100901,1232,2023-07-05 03:41:13
21054311,1232,2023-07-07 02:33:22
21120051,1232,2023-06-25 10:16:18
21090141,1232,2023-06-18 20:48:01
21121841,1232,2023-06-21 21:11:43
21026821,1232,2023-07-05 08:24:37
21130221,1232,2023-07-12 13:37:56
21096511,1232,2023-06-28 04:44:32
21099581,1232,2023-07-10 02:41:01
21010131,1232,2023-07-02 17:24:05
21039741,1232,2023-06-28 19:10:48
21109451,1232,2023-07-13 06:25:55
21115711,1232,2023-07-02 04:42:12
21108531,1232,2023-06-29 07:43:19
21000461,1232,2023-07-11 08:12:14
21139681,1232,2023-06-28 14:04:15
21082941,1232,2023-06-23 09:47:38
21097611,1232,2023-06-29 22:06:05
21109921,1232,2023-06-20 08:35:08
21094311,1232,2023-06-28 15:03:10
21010151,1232,2023-06-19 16:40:18
21071061,1232,2023-07-11 22:42:29
21022831,1232,2023-06-18 01:10:54
21011801,1232,2023-07-07 03:32:22
21004231,1232,2023-06-23 05:13:02
21118981,1232,2023-07-11 05:04:19
21031271,1232,2023-07-08 07:34:55
21093491,1232,2023-06-23 03:03:17
21099921,1232,2023-06-24 17:36:51
21105251,1232,2023-06-21 05:32:27
21040001,1232,2023-07-13 09:11:54
21093521,1232,2023-07-13 13:40:09
21078321,1232,2023-06-20 20:31:24
21048401,1232,2023-06-30 22:27:42
21041211,1232,2023-06-28 10:27:44
21074741,1232,2023-07-11 05:36:32
21132701,1232,2023-06-28 13:47:10
21093411,1232,2023-06-27 08:42:41
21023751,1232,2023-06-24 19:34:24
21116621,1232,2023-06-30 19:03:29
21099741,1232,2023-06-26 09:56:11
21106181,1232,2023-06-25 01:09:25
21003901,1232,2023-07-02 08:34:32
21085631,1232,2023-06-18 16:00:08
21114651,1232,2023-07-02 14:03:32
21104551,1232,2023-06-24 08:40:08
21021471,1232,2023-07-01 13:31:36
21117081,1232,2023-06-30 08:39:44
21136801,1232,2023-06-29 17:50:38
21112151,1232,2023-06-24 13:47:31
21096001,1232,2023-07-01 03:08:22
21123231,1232,2023-06-27 21:50:15
21105891,1232,2023-07-14 15:17:47
21094601,1232,2023-07-11 17:50:02
21017711,1232,2023-07-12 07:10:47
21032491,1232,2023-07-02 19:09:03
21109921,1233,2023-06-27 15:25:56
21096001,1233,2023-07-02 19:17:01
21085631,1233,2023-07-11 11:59:46
21099581,1233,2023-06-27 14:01:56
21096511,1233,2023-06-30 01:02:16
21099921,1233,2023-07-11 04:28:01
21025861,1233,2023-07-07 02:28:54
21002721,1233,2023-07-06 16:08:46
21104551,1233,2023-07-11 02:48:18
21094601,1233,2023-06-23 09:57:42
21106181,1233,2023-06-29 22:22:41
21040001,1233,2023-07-08 03:06:06
21132701,1233,2023-07-11 09:36:25
21093411,1233,2023-06-27 18:13:51
21112151,1233,2023-06-29 18:57:35
21099741,1233,2023-07-03 17:37:46
21078321,1233,2023-06-24 17:25:46
21117081,1233,2023-07-11 15:13:59
21136801,1233,2023-06-28 16:38:54
21032491,1233,2023-07-04 03:51:26
21109451,1233,2023-07-10 03:30:00
21054311,1233,2023-06-23 14:23:34
21041211,1233,2023-07-05 07:34:53
21130221,1233,2023-07-08 15:10:23
21093491,1233,2023-07-07 22:45:34
21090141,1233,2023-06-24 02:16:05
21120051,1233,2023-06-23 00:44:14
21071061,1233,2023-06-28 01:58:20
21082941,1233,2023-06-27 14:14:40
21097611,1233,2023-06-23 13:21:11
21139681,1233,2023-07-06 09:10:20
21118981,1233,2023-06-23 15:39:05
21011801,1233,2023-07-03 13:45:41
21031271,1233,2023-06-22 11:28:02
21108531,1233,2023-06-21 04:35:01
21010151,1233,2023-06-27 12:34:26
21023751,1233,2023-06-27 05:41:29
21094651,1233,2023-06-26 12:12:56
21121841,1233,2023-07-04 23:43:41
21105251,1233,2023-06-23 00:52:21
21068521,1233,2023-07-06 00:32:58
21010131,1233,2023-06-20 17:31:06
21017711,1233,2023-06-28 13:25:20
21114651,1233,2023-06-25 11:10:27
21022831,1233,2023-07-03 03:57:31
21021471,1233,2023-06-24 14:05:56
21074741,1233,2023-06-20 05:13:26
21115711,1233,2023-07-11 14:13:30
21039741,1233,2023-06-20 15:16:54
21003901,1233,2023-06-22 08:54:08
21048401,1233,2023-06-21 23:44:43
21004231,1233,2023-07-01 11:12:48
21100901,1233,2023-07-02 17:12:23
21116621,1233,2023-07-05 02:43:39
21026821,1233,2023-07-09 07:40:42
21093521,1233,2023-07-08 10:52:57
21105891,1233,2023-06-28 00:38:49
21000461,1233,2023-06-30 18:40:42
21123231,1233,2023-07-09 07:20:25
21094311,1233,2023-07-08 09:21:23
21032491,1234,2023-06-30 14:40:53
21120051,1234,2023-06-23 08:11:48
21041211,1234,2023-06-22 19:42:46
21003901,1234,2023-06-29 17:48:57
21115711,1234,2023-06-29 08:41:02
21093521,1234,2023-07-07 16:20:29
21039741,1234,2023-07-03 09:12:19
21112151,1234,2023-06-21 15:29:49
21096001,1234,2023-07-01 04:23:15
21093491,1234,2023-06-26 03:50:53
21025861,1234,2023-07-03 04:37:37
21099741,1234,2023-06-20 23:10:35
21054311,1234,2023-06-20 10:22:52
21068521,1234,2023-07-09 07:07:38
21078321,1234,2023-07-01 08:25:15
21099581,1234,2023-07-07 19:14:24
21105251,1234,2023-06-21 21:36:29
21010151,1234,2023-06-30 12:22:07
21017711,1234,2023-07-06 05:51:07
21109451,1234,2023-06-27 00:13:32
21094311,1234,2023-07-05 09:02:05
21071061,1234,2023-07-04 23:47:36
21094601,1234,2023-06-23 00:27:57
21132701,1234,2023-07-05 19:41:00
21117081,1234,2023-06-26 22:22:06
21123231,1234,2023-07-01 07:24:53
21116621,1234,2023-06-24 07:41:18
21130221,1234,2023-07-06 18:51:28
21118981,1234,2023-07-08 03:00:41
21090141,1234,2023-07-11 20:24:21
21094651,1234,2023-07-09 03:49:14
21031271,1234,2023-07-02 09:33:55
21040001,1234,2023-06-25 09:51:17
21048401,1234,2023-06-23 13:05:14
21097611,1234,2023-06-25 15:58:28
21099921,1234,2023-06-21 22:02:19
21026821,1234,2023-06-21 16:41:57
21004231,1234,2023-06-22 21:57:41
21002721,1234,2023-06-25 03:16:26
21023751,1234,2023-07-08 11:21:24
21093411,1234,2023-07-04 21:50:38
21096511,1234,2023-07-03 09:15:15
21000461,1234,2023-07-07 15:04:02
21082941,1234,2023-06-25 03:16:09
21109921,1234,2023-06-29 15:09:06
21104551,1234,2023-06-20 05:02:40
21108531,1234,2023-07-08 19:28:18
21105891,1234,2023-06-26 09:43:37
21106181,1234,2023-06-23 13:55:27
21010131,1234,2023-06-22 21:41:47
21021471,1234,2023-07-01 13:31:41
21139681,1234,2023-06-27 18:44:39
21022831,1234,2023-06-23 22:31:48
21136801,1234,2023-07-05 03:52:08
21114651,1234,2023-07-01 15:59:45
21074741,1234,2023-07-06 03:12:05
21085631,1234,2023-06-26 09:03:58
21121841,1234,2023-07-06 17:58:29
21100901,1234,2023-07-06 14:22:03
21011801,1234,2023-06-20 22:21:46
19350081,1245,2023-07-04 04:19:37
19347861,1245,2023-06-29 09:48:36
19350081,1246,2023-07-08 03:10:07
19347861,1246,2023-07-30 22:13:12
19347861,1247,2023-07-05 21:58:13
19350081,1247,2023-07-05 04:24:52
19347861,1248,2023-07-15 00:43:03
19350081,1248,2023-07-16 08:36:14
19350081,1249,2023-07-06 02:11:29
19347861,1249,2023-07-14 09:39:00
21031271,1273,2023-11-29 14:58:38
21136801,1273,2023-12-02 19:24:22
21112151,1273,2023-12-03 03:34:05
21093521,1273,2023-12-09 02:54:47
21078321,1273,2023-12-07 23:46:07
21039741,1273,2023-12-06 13:32:02
21094311,1273,2023-12-05 23:42:50
21123231,1273,2023-12-19 00:42:13
21096001,1273,2023-11-25 14:41:39
21040001,1273,2023-12-04 13:24:43
21025861,1273,2023-12-14 10:55:18
21094651,1273,2023-12-18 10:15:18
21090141,1273,2023-11-26 15:57:27
20029141,1273,2023-12-16 16:44:32
21132701,1273,2023-12-13 18:59:00
21105891,1273,2023-12-12 04:15:54
21096511,1273,2023-12-16 06:32:52
21117081,1273,2023-11-25 23:26:53
21093411,1273,2023-12-15 05:53:36
21116621,1273,2023-11-27 13:17:52
21115711,1273,2023-12-17 08:58:09
21017711,1273,2023-11-29 21:19:25
21032491,1273,2023-12-03 18:08:20
21105251,1273,2023-12-07 18:13:43
21010131,1273,2023-12-09 23:12:27
21109921,1273,2023-12-08 16:17:07
21082941,1273,2023-11-26 12:08:23
21011801,1273,2023-12-09 13:58:17
21085631,1273,2023-11-24 13:17:03
21004231,1273,2023-11-25 11:36:13
21109451,1273,2023-12-03 05:10:00
21093491,1273,2023-12-01 07:22:10
21118981,1273,2023-12-03 15:03:58
21104551,1273,2023-12-06 06:35:28
21023751,1273,2023-12-17 06:23:47
21021471,1273,2023-12-03 17:23:56
21099581,1273,2023-11-24 03:00:33
21097611,1273,2023-12-13 05:21:42
21139681,1273,2023-12-09 11:17:37
21041211,1273,2023-12-13 15:52:02
21003901,1273,2023-12-10 06:01:21
21108531,1273,2023-11-24 09:59:54
21094601,1273,2023-12-08 06:34:54
21054311,1273,2023-12-07 09:23:49
21000461,1273,2023-12-08 08:12:32
21130221,1273,2023-12-19 03:58:10
21002721,1273,2023-12-13 12:34:36
21010151,1273,2023-12-10 13:52:35
21099741,1273,2023-12-18 20:25:35
21106181,1273,2023-12-06 13:11:02
21100901,1273,2023-11-30 09:54:46
21022831,1273,2023-12-07 08:40:25
21048401,1273,2023-12-13 11:45:58
21120051,1273,2023-12-08 13:29:38
21114651,1273,2023-12-05 13:29:29
21099921,1273,2023-11-26 01:08:53
21074741,1273,2023-11-24 09:22:29
21026821,1273,2023-12-16 11:12:25
21071061,1273,2023-11-25 03:57:06
21068521,1273,2023-12-18 13:52:35
21121841,1273,2023-11-25 01:49:25
21109921,1274,2023-12-21 04:10:44
21097611,1274,2023-12-10 03:37:19
21120051,1274,2023-12-17 09:11:00
21000461,1274,2023-12-15 22:25:05
21031271,1274,2023-12-07 06:52:16
21117081,1274,2023-12-19 17:55:43
21105251,1274,2023-12-24 06:39:54
21115711,1274,2023-12-20 06:45:04
21085631,1274,2023-12-25 12:48:22
21108531,1274,2023-12-05 06:12:15
21105891,1274,2023-12-18 02:25:21
21130221,1274,2023-12-15 20:01:27
21104551,1274,2023-12-07 22:12:49
21099741,1274,2023-12-25 11:36:37
21093521,1274,2023-12-20 08:18:36
21100901,1274,2023-12-01 16:30:02
21090141,1274,2023-12-03 10:30:15
21078321,1274,2023-12-26 07:17:59
21071061,1274,2023-12-09 06:59:10
21002721,1274,2023-12-22 03:11:37
21094651,1274,2023-12-23 11:23:12
21054311,1274,2023-12-12 05:24:03
21026821,1274,2023-12-18 20:51:51
21106181,1274,2023-12-14 22:05:03
21011801,1274,2023-12-26 18:54:10
21082941,1274,2023-12-07 05:36:02
21096001,1274,2023-12-08 21:53:50
21025861,1274,2023-12-10 00:08:56
21132701,1274,2023-12-23 08:53:48
21123231,1274,2023-12-05 03:45:01
21094311,1274,2023-12-13 13:04:56
21003901,1274,2023-12-22 19:40:03
21010151,1274,2023-12-09 08:29:49
21004231,1274,2023-12-06 05:58:54
21040001,1274,2023-12-19 20:38:01
21136801,1274,2023-12-18 00:23:35
21096511,1274,2023-12-13 03:45:07
21099581,1274,2023-12-12 17:20:06
21118981,1274,2023-12-06 23:24:01
21114651,1274,2023-12-14 04:07:00
21094601,1274,2023-12-15 22:38:22
21093491,1274,2023-12-18 15:40:31
21068521,1274,2023-12-21 17:14:41
20048721,1274,2023-12-26 08:15:50
21032491,1274,2023-12-15 17:05:43
21041211,1274,2023-12-26 07:31:22
21039741,1274,2023-12-26 21:01:27
21023751,1274,2023-12-02 18:40:42
21099921,1274,2023-12-25 09:25:41
21017711,1274,2023-12-18 22:20:02
21021471,1274,2023-12-12 20:48:03
21116621,1274,2023-12-05 12:40:22
21022831,1274,2023-12-02 10:27:59
21139681,1274,2023-12-06 20:53:17
21048401,1274,2023-12-02 13:47:54
20029141,1274,2023-12-18 05:43:00
21074741,1274,2023-12-23 02:00:47
21112151,1274,2023-12-07 08:52:06
21093411,1274,2023-12-25 23:44:38
21010131,1274,2023-12-17 17:40:21
21109451,1274,2023-12-01 02:15:33
21121841,1274,2023-12-08 16:32:56
21099581,1275,2023-12-12 22:57:03
21099921,1275,2023-12-06 06:29:27
21130221,1275,2023-12-11 08:59:53
21082941,1275,2023-12-12 12:30:17
21017711,1275,2023-12-01 06:48:22
21054311,1275,2023-12-04 20:15:19
21099741,1275,2023-11-23 06:02:55
21118981,1275,2023-11-29 05:30:36
21105891,1275,2023-12-01 00:07:09
21106181,1275,2023-11-24 01:02:38
21094601,1275,2023-12-04 23:19:27
21093521,1275,2023-12-04 17:26:36
21096511,1275,2023-12-12 03:16:03
21040001,1275,2023-11-22 00:35:04
21108531,1275,2023-11-30 02:45:48
21068521,1275,2023-12-05 18:49:44
21023751,1275,2023-11-22 20:36:44
21093411,1275,2023-11-27 13:09:51
21085631,1275,2023-12-08 15:45:52
20048721,1275,2023-11-23 22:13:49
21105251,1275,2023-12-10 18:33:59
21078321,1275,2023-11-29 06:13:47
21117081,1275,2023-12-09 19:23:56
21031271,1275,2023-11-22 04:48:08
21109451,1275,2023-12-10 21:42:07
21032491,1275,2023-11-29 00:46:52
21000461,1275,2023-12-03 17:10:26
21139681,1275,2023-12-01 11:38:44
21115711,1275,2023-11-24 02:19:24
21071061,1275,2023-12-08 01:21:32
21026821,1275,2023-11-30 04:31:38
21021471,1275,2023-12-10 06:18:32
21120051,1275,2023-12-01 03:20:02
21121841,1275,2023-11-28 15:50:03
21041211,1275,2023-12-04 09:22:57
21096001,1275,2023-12-02 13:18:17
21002721,1275,2023-12-01 08:22:05
21109921,1275,2023-12-12 00:23:53
21048401,1275,2023-12-05 10:22:08
21022831,1275,2023-11-29 09:53:32
21010151,1275,2023-11-23 06:39:09
21116621,1275,2023-12-07 13:49:10
21104551,1275,2023-12-12 00:08:02
21093491,1275,2023-11-27 22:51:41
21090141,1275,2023-12-11 18:06:21
21097611,1275,2023-12-01 20:27:09
21112151,1275,2023-11-23 08:26:26
21039741,1275,2023-11-23 06:03:04
21123231,1275,2023-12-09 15:15:24
21004231,1275,2023-11-29 02:52:29
21100901,1275,2023-12-06 13:38:04
21114651,1275,2023-12-11 11:46:06
21094311,1275,2023-12-10 09:13:35
21003901,1275,2023-12-01 03:05:09
21094651,1275,2023-12-01 12:09:57
21010131,1275,2023-12-09 10:29:24
21025861,1275,2023-11-25 04:49:18
21074741,1275,2023-12-04 22:56:41
21011801,1275,2023-12-01 04:51:12
21132701,1275,2023-11-29 06:40:14
21136801,1275,2023-12-04 09:48:54
20029141,1275,2023-11-27 15:24:59
21094311,1276,2023-12-05 13:07:48
21085631,1276,2023-11-25 23:07:43
21039741,1276,2023-12-02 05:07:23
21032491,1276,2023-11-26 04:13:34
21108531,1276,2023-12-05 10:57:33
21094601,1276,2023-12-05 12:58:14
21074741,1276,2023-12-04 02:37:12
21078321,1276,2023-11-23 20:09:17
21120051,1276,2023-11-27 00:42:31
21094651,1276,2023-12-16 22:15:58
21099921,1276,2023-12-06 05:30:58
21003901,1276,2023-12-13 00:01:44
21068521,1276,2023-12-09 23:00:22
21130221,1276,2023-12-01 18:38:50
21139681,1276,2023-12-08 00:35:57
21048401,1276,2023-12-15 00:27:27
21026821,1276,2023-12-09 10:36:16
21071061,1276,2023-12-09 01:10:04
21099741,1276,2023-12-02 00:12:44
21104551,1276,2023-12-11 02:23:10
21040001,1276,2023-12-03 22:05:33
21017711,1276,2023-12-15 10:03:59
21082941,1276,2023-11-23 18:53:06
21100901,1276,2023-11-24 15:37:04
21011801,1276,2023-11-27 11:48:20
21090141,1276,2023-11-26 13:11:31
21004231,1276,2023-12-13 08:03:00
20048721,1276,2023-12-03 12:04:47
21022831,1276,2023-12-05 23:27:14
21118981,1276,2023-12-05 21:01:25
21096001,1276,2023-12-07 10:55:12
21093411,1276,2023-11-30 03:54:55
21116621,1276,2023-12-04 06:51:00
21099581,1276,2023-12-13 18:36:07
21002721,1276,2023-11-27 04:38:53
21117081,1276,2023-12-14 00:22:10
21021471,1276,2023-12-11 05:15:23
21105891,1276,2023-12-17 18:59:25
21114651,1276,2023-12-03 06:16:57
21093521,1276,2023-12-06 22:00:28
21093491,1276,2023-12-08 09:58:09
21132701,1276,2023-11-23 13:45:43
21115711,1276,2023-11-30 20:47:50
21136801,1276,2023-12-11 21:52:12
21106181,1276,2023-12-17 15:00:12
21025861,1276,2023-11-28 17:15:29
21010151,1276,2023-11-27 00:51:23
21121841,1276,2023-12-07 06:13:53
21112151,1276,2023-11-23 00:55:33
21054311,1276,2023-12-16 11:06:33
21023751,1276,2023-12-15 12:20:59
21097611,1276,2023-12-11 06:08:41
21096511,1276,2023-12-07 15:39:22
21109451,1276,2023-12-02 06:17:35
21041211,1276,2023-12-03 10:58:09
20029141,1276,2023-11-27 11:21:00
21123231,1276,2023-12-04 01:06:38
21031271,1276,2023-12-13 19:35:56
21105251,1276,2023-12-09 03:51:33
21010131,1276,2023-11-30 08:51:28
21000461,1276,2023-11-27 07:05:38
21109921,1276,2023-12-14 16:39:14
20048721,1277,2023-12-04 04:30:58
19354501,1278,2023-11-20 01:16:22
19354501,1279,2023-12-01 13:01:26
19354501,1280,2023-12-15 17:37:43
19354501,1281,2023-12-02 08:25:15
21093521,1336,2024-07-02 04:32:51
21099741,1336,2024-07-08 17:03:25
21114651,1336,2024-07-08 16:05:14
21054311,1336,2024-07-07 22:35:35
21096511,1336,2024-07-13 17:42:19
21048401,1336,2024-06-27 10:47:38
21105251,1336,2024-07-01 04:01:23
21039741,1336,2024-06-30 11:26:18
21090141,1336,2024-07-06 22:09:01
21032491,1336,2024-07-08 07:26:55
21000461,1336,2024-06-26 23:41:16
21010131,1336,2024-06-24 16:10:01
19337711,1336,2024-07-04 17:12:14
21082941,1336,2024-06-30 00:17:55
21100901,1336,2024-07-11 07:12:15
21117081,1336,2024-06-30 08:50:19
19344501,1336,2024-06-26 07:42:14
21121841,1336,2024-07-04 06:32:43
21105891,1336,2024-06-24 02:21:17
21011801,1336,2024-07-01 09:58:58
21118981,1336,2024-06-29 17:42:00
21109921,1336,2024-07-06 22:27:36
21003901,1336,2024-07-06 04:08:24
21094651,1336,2024-07-08 07:27:19
21040001,1336,2024-07-05 08:49:27
21041211,1336,2024-07-07 02:43:10
21096001,1336,2024-07-05 11:41:27
21099581,1336,2024-07-03 19:12:28
21094311,1336,2024-06-22 10:11:36
21031271,1336,2024-06-29 00:21:15
21094601,1336,2024-07-09 18:22:31
21071061,1336,2024-06-25 17:53:34
21104551,1336,2024-07-06 07:42:11
21085631,1336,2024-06-25 00:32:17
21139681,1336,2024-06-30 09:54:51
21017711,1336,2024-07-11 05:03:13
21093491,1336,2024-07-10 05:33:53
21078321,1336,2024-07-11 02:49:05
21097611,1336,2024-07-07 19:27:55
19334091,1336,2024-07-04 01:01:02
21108531,1336,2024-07-13 00:24:45
21068521,1336,2024-07-06 03:39:15
21136801,1336,2024-06-23 11:00:34
21026821,1336,2024-07-07 15:08:19
21115711,1336,2024-06-28 21:44:38
21004231,1336,2024-06-30 09:57:51
21022831,1336,2024-06-28 12:04:31
21106181,1336,2024-07-08 11:39:56
21025861,1336,2024-06-23 00:35:22
21099921,1336,2024-06-26 21:23:17
21021471,1336,2024-06-28 06:40:55
21116621,1336,2024-07-06 03:08:42
21123231,1336,2024-07-04 13:05:43
21002721,1336,2024-06-25 05:05:06
21010151,1336,2024-07-06 13:56:45
21120051,1336,2024-07-04 15:53:08
21112151,1336,2024-06-23 13:35:42
21132701,1336,2024-07-05 18:57:22
21093411,1336,2024-07-01 14:33:44
21109451,1336,2024-07-01 06:11:29
21130221,1336,2024-06-26 03:05:48
21023751,1336,2024-06-22 02:06:10
21074741,1336,2024-06-30 19:48:03
21108531,1337,2024-07-07 09:19:31
21121841,1337,2024-07-07 18:42:11
21021471,1337,2024-06-30 00:15:54
21094601,1337,2024-06-30 08:48:55
21118981,1337,2024-07-18 01:59:35
19337711,1337,2024-06-30 13:48:38
21041211,1337,2024-07-01 21:05:28
21078321,1337,2024-07-15 09:59:13
21104551,1337,2024-07-04 06:58:49
21136801,1337,2024-07-15 01:05:01
21099581,1337,2024-07-18 03:35:29
21139681,1337,2024-07-16 07:25:49
21120051,1337,2024-07-11 18:26:38
21096001,1337,2024-07-12 01:07:15
21106181,1337,2024-06-29 21:11:32
21054311,1337,2024-07-15 21:08:39
21105891,1337,2024-07-14 03:30:05
21010151,1337,2024-07-18 23:04:17
21011801,1337,2024-07-04 21:20:33
21109921,1337,2024-06-30 21:35:53
19344501,1337,2024-07-05 20:58:46
21093411,1337,2024-07-16 09:39:30
21094651,1337,2024-07-12 06:02:52
21004231,1337,2024-07-15 07:37:40
21039741,1337,2024-07-07 21:31:45
21022831,1337,2024-06-28 20:56:27
21090141,1337,2024-07-17 12:30:32
21132701,1337,2024-07-06 03:50:01
21074741,1337,2024-07-01 04:11:14
21093491,1337,2024-06-30 15:12:43
21096511,1337,2024-07-12 14:39:18
21116621,1337,2024-07-12 01:19:40
21093521,1337,2024-06-30 11:59:08
21109451,1337,2024-07-05 10:41:37
21048401,1337,2024-07-15 18:21:27
21071061,1337,2024-07-07 17:24:55
21115711,1337,2024-07-17 22:16:20
21105251,1337,2024-07-13 11:43:54
21117081,1337,2024-07-08 01:39:53
21112151,1337,2024-07-09 14:54:14
21085631,1337,2024-07-11 07:59:19
21025861,1337,2024-06-27 01:03:44
21040001,1337,2024-06-29 11:58:59
21068521,1337,2024-07-12 02:15:03
21099921,1337,2024-07-17 00:49:52
21010131,1337,2024-07-21 11:37:20
21123231,1337,2024-07-18 06:25:15
21130221,1337,2024-07-01 07:05:52
21017711,1337,2024-07-04 05:36:09
21099741,1337,2024-07-09 01:31:19
21031271,1337,2024-06-27 11:28:34
21114651,1337,2024-07-11 08:28:05
21032491,1337,2024-07-09 05:47:08
21026821,1337,2024-07-05 18:38:56
21082941,1337,2024-07-19 20:11:54
21002721,1337,2024-07-07 00:00:42
21023751,1337,2024-07-07 16:14:05
19334091,1337,2024-07-08 14:26:30
21097611,1337,2024-07-10 07:13:55
21003901,1337,2024-07-01 07:45:39
21100901,1337,2024-07-13 06:03:16
21094311,1337,2024-06-29 06:51:51
21000461,1337,2024-07-06 07:52:42
21039741,1338,2024-06-28 01:08:42
21040001,1338,2024-07-16 06:57:36
21105891,1338,2024-07-13 13:46:48
21074741,1338,2024-07-21 22:44:44
21031271,1338,2024-07-06 17:05:41
21100901,1338,2024-07-12 08:00:53
21099581,1338,2024-07-15 07:58:40
21085631,1338,2024-07-03 17:19:44
21022831,1338,2024-07-05 15:34:57
21096001,1338,2024-07-18 07:44:02
21099741,1338,2024-06-29 08:06:24
21021471,1338,2024-07-05 10:05:21
21090141,1338,2024-07-18 11:26:24
21093411,1338,2024-07-05 11:59:09
21082941,1338,2024-06-30 11:14:25
21120051,1338,2024-07-07 14:08:14
21106181,1338,2024-07-09 13:48:55
21071061,1338,2024-07-06 05:39:38
21025861,1338,2024-07-04 23:49:42
21104551,1338,2024-07-09 23:05:39
21096511,1338,2024-06-30 16:02:47
21117081,1338,2024-07-04 10:33:04
19334091,1338,2024-07-06 06:29:57
21010131,1338,2024-07-14 12:07:38
21094651,1338,2024-07-08 17:47:07
21116621,1338,2024-07-05 00:34:59
21121841,1338,2024-07-17 05:45:29
21010151,1338,2024-07-03 05:01:09
21139681,1338,2024-07-13 15:47:31
21026821,1338,2024-07-03 08:21:20
21108531,1338,2024-07-03 10:58:37
21094311,1338,2024-07-18 11:10:03
21112151,1338,2024-07-20 00:48:28
21099921,1338,2024-07-11 08:53:04
21136801,1338,2024-07-08 10:50:38
21130221,1338,2024-07-11 07:44:02
21093521,1338,2024-06-28 15:08:53
21105251,1338,2024-07-05 09:38:15
21017711,1338,2024-07-21 09:20:13
21114651,1338,2024-07-01 06:36:22
21054311,1338,2024-07-02 03:39:40
21109921,1338,2024-07-02 03:02:40
21032491,1338,2024-07-16 06:18:31
21097611,1338,2024-07-13 11:17:58
21004231,1338,2024-07-13 08:53:30
21011801,1338,2024-07-21 18:45:05
19344501,1338,2024-07-08 15:34:06
21003901,1338,2024-07-02 09:06:48
21000461,1338,2024-07-03 23:53:49
21132701,1338,2024-07-14 19:55:45
21118981,1338,2024-06-28 06:59:39
21109451,1338,2024-07-16 22:07:25
21023751,1338,2024-07-15 10:16:05
21041211,1338,2024-07-04 13:02:47
19337711,1338,2024-07-03 22:24:28
21078321,1338,2024-07-07 22:39:25
21068521,1338,2024-07-21 18:03:05
21002721,1338,2024-07-17 15:45:56
21123231,1338,2024-07-20 11:05:49
21115711,1338,2024-07-01 23:26:01
21048401,1338,2024-07-17 23:27:24
21094601,1338,2024-07-07 11:04:19
21093491,1338,2024-07-03 09:25:08
21105891,1339,2024-07-05 05:03:10
21096511,1339,2024-07-13 10:24:53
21112151,1339,2024-07-12 16:26:56
21096001,1339,2024-07-06 15:30:14
21121841,1339,2024-07-16 13:41:17
19337711,1339,2024-07-03 07:36:47
21010151,1339,2024-07-16 17:23:37
21011801,1339,2024-07-17 18:44:14
21039741,1339,2024-07-11 08:53:18
21025861,1339,2024-07-12 10:41:32
21090141,1339,2024-06-25 04:05:41
21022831,1339,2024-07-06 18:20:51
19344501,1339,2024-07-13 08:26:08
21031271,1339,2024-07-13 23:30:50
21117081,1339,2024-07-08 18:25:19
21021471,1339,2024-07-01 03:58:16
21040001,1339,2024-07-18 21:07:21
21093491,1339,2024-07-16 21:17:11
21114651,1339,2024-07-13 06:26:43
21094601,1339,2024-07-12 07:43:27
21054311,1339,2024-07-12 16:13:52
21130221,1339,2024-06-29 18:02:31
21099741,1339,2024-06-26 02:13:22
21071061,1339,2024-06-30 13:11:08
21002721,1339,2024-07-08 03:42:51
21094311,1339,2024-07-09 02:28:51
21116621,1339,2024-07-11 14:26:59
21115711,1339,2024-07-02 05:37:32
21041211,1339,2024-07-17 05:33:47
21004231,1339,2024-07-09 22:38:18
21109921,1339,2024-07-06 11:15:32
21078321,1339,2024-07-06 16:55:21
21118981,1339,2024-07-04 19:39:54
21136801,1339,2024-07-16 04:08:32
21010131,1339,2024-07-16 01:24:08
21032491,1339,2024-07-04 03:41:42
19334091,1339,2024-07-08 00:11:53
21017711,1339,2024-07-01 10:30:38
21099921,1339,2024-06-26 01:22:16
21100901,1339,2024-06-25 19:13:22
21094651,1339,2024-07-14 17:07:27
21132701,1339,2024-07-14 23:01:27
21048401,1339,2024-07-16 06:27:53
21093521,1339,2024-07-18 20:47:52
21093411,1339,2024-07-01 05:41:04
21099581,1339,2024-07-11 14:18:11
21104551,1339,2024-06-28 08:50:28
21097611,1339,2024-06-29 14:00:50
21074741,1339,2024-07-04 17:25:35
21109451,1339,2024-07-02 08:51:09
21105251,1339,2024-07-16 19:50:53
21085631,1339,2024-07-11 17:20:49
21023751,1339,2024-07-04 00:35:26
21003901,1339,2024-07-02 23:17:07
21139681,1339,2024-07-15 23:39:48
21106181,1339,2024-06-27 18:25:26
21026821,1339,2024-07-10 04:09:52
21108531,1339,2024-07-08 20:21:32
21000461,1339,2024-06-27 19:15:10
21120051,1339,2024-07-02 01:18:21
21094651,1340,2024-07-03 04:44:39
21068521,1340,2024-07-14 04:00:17
21104551,1340,2024-06-29 22:13:10
21118981,1340,2024-07-06 02:50:25
21074741,1340,2024-07-14 21:24:04
21017711,1340,2024-07-11 19:59:06
21116621,1340,2024-06-27 13:39:09
21106181,1340,2024-06-20 06:40:48
21136801,1340,2024-06-30 07:09:14
21000461,1340,2024-07-13 11:23:21
21026821,1340,2024-06-23 03:26:55
21094311,1340,2024-07-04 03:04:03
21010131,1340,2024-07-13 20:59:01
21120051,1340,2024-07-06 14:45:55
21123231,1340,2024-07-04 01:31:52
21114651,1340,2024-07-02 20:28:26
21093521,1340,2024-07-09 07:12:53
21078321,1340,2024-07-09 18:59:57
21023751,1340,2024-07-09 07:49:19
21096001,1340,2024-06-23 16:08:06
21099581,1340,2024-07-07 10:40:04
21040001,1340,2024-07-03 07:54:59
21099921,1340,2024-06-29 18:08:26
21109451,1340,2024-07-12 22:38:07
21010151,1340,2024-07-01 12:54:54
21132701,1340,2024-07-08 11:55:23
21054311,1340,2024-07-08 22:34:35
21105891,1340,2024-06-21 19:27:28
21121841,1340,2024-07-09 17:08:43
19334091,1340,2024-06-30 13:27:48
21025861,1340,2024-06-28 22:11:03
21100901,1340,2024-06-21 08:41:27
21004231,1340,2024-07-01 17:50:46
21094601,1340,2024-07-07 09:05:07
21090141,1340,2024-07-08 12:56:52
21022831,1340,2024-06-29 02:06:43
21003901,1340,2024-07-04 01:07:29
21105251,1340,2024-07-04 13:34:51
21002721,1340,2024-07-13 09:22:41
21109921,1340,2024-07-06 20:59:02
21048401,1340,2024-06-22 18:31:05
21096511,1340,2024-06-29 05:58:39
21099741,1340,2024-07-10 23:58:02
21112151,1340,2024-07-12 06:24:08
21097611,1340,2024-07-03 06:04:01
19344501,1340,2024-07-10 17:47:07
21011801,1340,2024-07-09 01:54:51
21021471,1340,2024-06-21 18:57:35
21082941,1340,2024-07-02 10:34:32
21041211,1340,2024-06-27 10:35:02
21032491,1340,2024-07-07 04:59:50
21130221,1340,2024-07-02 10:21:41
21139681,1340,2024-06-24 20:23:01
21108531,1340,2024-06-21 23:35:35
21093491,1340,2024-07-12 04:51:35
21085631,1340,2024-07-05 04:41:29
21071061,1340,2024-06-25 12:09:08
21039741,1340,2024-06-25 10:24:30
21115711,1340,2024-07-01 00:53:07
21117081,1340,2024-06-21 03:12:35
21031271,1340,2024-07-04 05:02:10
19337711,1340,2024-07-13 16:03:11
21093411,1340,2024-07-01 12:45:17
21123231,1341,2024-07-09 10:52:45
21082941,1341,2024-07-17 08:18:24
21068521,1341,2024-07-07 13:08:52
21032491,1078,2021-12-01 11:28:24
21109921,1078,2021-11-24 08:37:06
21003901,1078,2021-12-12 06:34:22
21078321,1078,2021-11-27 14:26:53
21096001,1078,2021-12-11 12:45:30
21023751,1078,2021-11-25 02:56:28
21104551,1078,2021-12-14 19:11:39
21074741,1078,2021-11-23 15:57:28
21040001,1078,2021-12-05 05:32:18
21010151,1078,2021-12-03 05:00:11
21099921,1078,2021-12-10 18:04:37
21093411,1078,2021-12-14 17:51:45
21082941,1078,2021-12-09 21:14:03
21000461,1078,2021-11-21 03:01:35
21031271,1078,2021-12-03 07:42:18
21011801,1078,2021-12-11 22:42:03
21105891,1078,2021-11-23 00:41:49
21010131,1078,2021-11-26 06:05:45
21068521,1078,2021-11-27 15:40:32
21093521,1078,2021-11-28 10:12:43
21085631,1078,2021-12-13 01:56:03
21048401,1078,2021-11-28 20:34:29
21100901,1078,2021-12-14 18:52:49
21039741,1078,2021-12-05 06:36:55
21105251,1078,2021-11-29 19:22:14
21017711,1078,2021-11-30 21:01:54
21094601,1078,2021-12-07 18:24:28
21108531,1078,2021-12-11 09:31:36
21090141,1078,2021-12-10 08:22:27
21099741,1078,2021-12-14 01:27:01
21130221,1078,2021-11-29 22:07:12
21114651,1078,2021-12-05 07:35:52
21022831,1078,2021-12-06 22:07:04
21096511,1078,2021-11-28 20:14:37
21115711,1078,2021-11-28 03:00:22
21099581,1078,2021-12-07 13:19:09
21094311,1078,2021-12-10 11:45:14
21097611,1078,2021-11-26 05:14:00
21002721,1078,2021-11-21 23:49:03
21041211,1078,2021-12-11 23:05:03
21117081,1078,2021-11-21 02:52:59
21026821,1078,2021-11-20 09:25:27
21054311,1078,2021-11-24 16:04:27
21112151,1078,2021-11-26 03:21:08
21121841,1078,2021-11-30 09:03:25
21025861,1078,2021-11-27 10:44:13
21106181,1078,2021-12-13 18:07:16
21118981,1078,2021-12-10 22:49:33
21021471,1078,2021-12-09 16:05:18
21094651,1078,2021-12-02 22:29:03
21123231,1078,2021-12-10 06:34:14
21109451,1078,2021-12-08 17:10:02
21139681,1078,2021-11-27 11:46:34
21071061,1078,2021-12-09 05:43:31
21004231,1078,2021-11-23 13:01:01
21116621,1078,2021-11-27 21:06:22
21093491,1078,2021-12-07 04:17:20
21120051,1078,2021-11-25 03:41:36
21132701,1078,2021-12-11 08:14:23
21136801,1078,2021-11-30 09:22:13
21023751,1123,2022-07-16 20:06:13
21011801,1123,2022-07-01 21:17:52
21096001,1123,2022-06-23 04:17:37
21039741,1123,2022-07-08 14:39:43
21068521,1123,2022-07-07 14:25:56
21105891,1123,2022-07-05 11:32:09
21096511,1123,2022-06-19 12:43:03
21139681,1123,2022-06-22 19:50:49
21136801,1123,2022-06-27 12:22:24
21114651,1123,2022-06-29 07:08:56
21004231,1123,2022-07-13 21:55:52
21093411,1123,2022-06-29 21:48:51
21000461,1123,2022-07-14 22:59:09
21022831,1123,2022-06-21 03:18:07
21003901,1123,2022-06-26 01:53:47
21026821,1123,2022-06-22 14:32:45
21002721,1123,2022-07-05 12:05:13
21094601,1123,2022-06-25 07:51:54
21123231,1123,2022-07-09 20:24:20
21094311,1123,2022-07-07 21:09:06
21054311,1123,2022-07-16 11:17:23
21021471,1123,2022-07-08 17:01:12
21071061,1123,2022-06-20 10:28:30
21010151,1123,2022-06-28 17:32:59
21093491,1123,2022-06-23 20:11:36
21105251,1123,2022-07-09 01:46:32
21130221,1123,2022-06-27 03:46:30
21109451,1123,2022-07-01 06:47:48
21074741,1123,2022-07-04 06:11:50
21106181,1123,2022-07-08 21:23:02
21085631,1123,2022-07-11 04:28:40
21032491,1123,2022-07-02 18:48:08
21120051,1123,2022-07-16 17:00:18
21099921,1123,2022-07-12 11:29:20
21132701,1123,2022-06-21 18:36:02
21093521,1123,2022-06-22 16:46:10
21099581,1123,2022-06-24 01:09:50
21017711,1123,2022-07-11 20:25:52
21097611,1123,2022-07-12 13:03:50
21048401,1123,2022-07-14 21:03:24
21040001,1123,2022-06-30 17:49:24
21090141,1123,2022-06-20 18:44:28
21031271,1123,2022-06-20 08:23:50
21115711,1123,2022-07-04 10:17:37
21025861,1123,2022-06-30 09:00:14
21117081,1123,2022-06-27 12:45:44
21118981,1123,2022-07-06 23:28:49
21094651,1123,2022-06-20 07:38:54
21010131,1123,2022-06-30 00:14:59
21082941,1123,2022-06-24 02:46:27
21078321,1123,2022-07-16 08:52:22
21116621,1123,2022-07-08 16:24:54
21108531,1123,2022-07-11 00:37:12
21109921,1123,2022-07-15 10:31:21
21041211,1123,2022-06-29 18:46:02
21121841,1123,2022-06-24 11:02:55
21100901,1123,2022-06-30 15:42:41
21112151,1123,2022-07-13 01:31:57
21104551,1123,2022-06-28 03:18:32
21099741,1123,2022-07-06 01:44:12
21094651,1202,2022-12-21 02:42:06
21003901,1202,2022-12-25 23:30:26
21109451,1202,2022-12-19 00:03:11
21096511,1202,2022-12-23 19:42:15
21117081,1202,2022-12-16 03:17:28
21139681,1202,2022-12-25 12:42:42
21100901,1202,2022-12-08 05:51:08
21078321,1202,2022-12-21 16:15:51
21093411,1202,2022-12-25 18:48:05
21097611,1202,2022-12-09 16:37:16
21017711,1202,2022-12-13 23:22:35
21023751,1202,2022-12-16 15:55:17
21074741,1202,2022-12-26 12:06:11
21105251,1202,2022-12-25 19:15:33
21026821,1202,2022-12-13 21:06:40
21002721,1202,2022-12-19 19:54:06
21106181,1202,2022-12-20 06:56:02
21004231,1202,2022-12-07 06:16:08
21021471,1202,2022-12-09 01:58:21
21108531,1202,2022-12-25 05:16:32
21071061,1202,2022-12-21 10:56:53
21121841,1202,2022-12-23 21:11:10
21099921,1202,2022-12-25 13:53:04
21048401,1202,2022-12-09 00:56:10
21082941,1202,2022-12-11 23:42:36
21130221,1202,2022-12-01 08:52:30
21118981,1202,2022-12-21 05:35:00
21094311,1202,2022-12-06 16:40:37
21000461,1202,2022-12-06 00:08:14
21105891,1202,2022-12-06 23:58:24
21116621,1202,2022-12-11 08:38:32
21093521,1202,2022-12-21 17:18:57
21040001,1202,2022-12-19 02:22:37
21099741,1202,2022-12-14 23:29:44
21090141,1202,2022-12-06 23:25:12
21093491,1202,2022-12-09 03:25:15
21109921,1202,2022-12-09 15:13:07
21032491,1202,2022-12-02 19:45:38
21022831,1202,2022-12-16 00:13:30
21039741,1202,2022-12-08 06:29:37
21031271,1202,2022-12-24 16:07:08
21123231,1202,2022-12-11 01:09:06
21041211,1202,2022-12-21 16:28:24
21096001,1202,2022-12-10 06:05:22
21094601,1202,2022-12-25 05:49:08
21068521,1202,2022-12-25 00:26:51
21132701,1202,2022-12-13 18:42:56
21025861,1202,2022-12-12 19:21:01
21114651,1202,2022-12-15 16:31:16
21120051,1202,2022-12-19 09:05:53
21104551,1202,2022-12-17 14:27:50
21010131,1202,2022-12-13 06:10:05
21085631,1202,2022-12-09 20:24:08
21010151,1202,2022-12-23 14:31:44
21099581,1202,2022-12-05 17:18:39
21136801,1202,2022-12-02 22:29:10
21115711,1202,2022-12-01 07:10:10
21112151,1202,2022-12-02 09:41:18
21054311,1202,2022-12-03 02:59:09
21011801,1202,2022-12-19 23:05:47
21105891,1210,2022-12-05 14:54:01
21099741,1210,2022-12-14 07:50:21
21096511,1210,2022-11-30 03:11:03
21116621,1210,2022-11-28 11:33:07
21136801,1210,2022-11-28 14:26:39
21004231,1210,2022-11-27 22:02:11
21108531,1210,2022-12-08 01:58:14
21120051,1210,2022-12-09 22:20:41
21093521,1210,2022-12-07 17:33:01
21026821,1210,2022-12-06 13:49:21
21039741,1210,2022-12-13 17:49:27
21094601,1210,2022-12-06 10:32:10
21002721,1210,2022-12-06 23:17:10
21114651,1210,2022-11-25 17:21:00
21040001,1210,2022-12-02 02:20:28
21093491,1210,2022-12-06 05:59:21
21132701,1210,2022-11-30 19:25:35
21078321,1210,2022-11-25 07:32:05
21139681,1210,2022-12-13 07:23:01
21099921,1210,2022-12-13 12:05:11
21022831,1210,2022-11-28 23:56:51
21017711,1210,2022-12-11 12:58:56
21097611,1210,2022-12-02 05:37:41
21100901,1210,2022-11-24 08:12:05
21123231,1210,2022-12-12 00:55:20
21115711,1210,2022-12-09 20:35:38
21090141,1210,2022-12-14 00:28:28
21117081,1210,2022-12-01 10:24:35
21074741,1210,2022-12-07 14:45:51
21003901,1210,2022-12-03 23:06:38
21109451,1210,2022-12-07 13:57:20
21068521,1210,2022-12-10 04:28:25
21071061,1210,2022-12-09 06:33:51
21104551,1210,2022-11-26 11:53:52
21054311,1210,2022-12-05 04:04:55
21010151,1210,2022-12-14 16:24:35
21031271,1210,2022-12-10 03:18:26
21041211,1210,2022-11-26 00:39:05
21099581,1210,2022-12-03 11:42:48
21105251,1210,2022-12-08 13:53:08
21025861,1210,2022-12-13 09:52:16
21011801,1210,2022-11-25 21:18:02
21000461,1210,2022-12-11 02:02:59
21096001,1210,2022-11-26 16:25:51
21085631,1210,2022-12-02 06:43:04
21010131,1210,2022-12-02 20:53:09
21093411,1210,2022-12-05 22:12:50
21048401,1210,2022-12-10 13:46:44
21094651,1210,2022-11-25 11:10:38
21121841,1210,2022-12-01 21:45:24
21109921,1210,2022-12-01 13:14:17
21118981,1210,2022-11-24 11:33:18
21112151,1210,2022-12-03 06:09:07
21032491,1210,2022-12-07 03:04:50
21130221,1210,2022-11-30 01:26:37
21106181,1210,2022-11-26 22:42:33
21094311,1210,2022-12-14 11:48:42
21023751,1210,2022-12-11 21:02:23
21082941,1210,2022-12-01 22:52:08
21021471,1210,2022-12-06 17:08:49
21106181,1268,2023-06-28 12:33:33
21054311,1268,2023-06-29 00:08:53
21109921,1268,2023-07-01 01:17:13
21105891,1268,2023-06-29 18:34:20
21136801,1268,2023-07-02 17:56:21
21130221,1268,2023-07-10 01:39:39
21022831,1268,2023-06-30 13:05:27
21023751,1268,2023-07-10 20:08:49
21109451,1268,2023-06-30 15:17:24
21031271,1268,2023-07-12 09:19:46
21071061,1268,2023-07-01 12:54:49
21017711,1268,2023-07-11 21:36:47
21116621,1268,2023-06-28 05:06:28
21040001,1268,2023-07-13 07:20:49
21108531,1268,2023-07-12 17:26:50
21021471,1268,2023-07-12 01:00:13
21003901,1268,2023-07-04 11:54:01
21120051,1268,2023-07-12 03:24:12
21026821,1268,2023-07-06 18:59:41
21121841,1268,2023-06-29 00:15:03
21099921,1268,2023-06-29 14:22:40
21114651,1268,2023-06-26 07:18:32
21000461,1268,2023-07-15 04:45:08
21090141,1268,2023-07-12 01:12:39
21093491,1268,2023-06-27 18:46:25
21104551,1268,2023-07-06 01:07:36
21082941,1268,2023-07-17 09:04:45
21105251,1268,2023-07-11 20:49:54
21100901,1268,2023-07-17 22:52:36
21099741,1268,2023-07-12 21:01:44
21094311,1268,2023-07-08 12:15:43
21074741,1268,2023-07-01 12:16:22
21096001,1268,2023-07-04 06:24:54
21139681,1268,2023-07-05 02:11:19
21010131,1268,2023-07-09 23:58:33
21096511,1268,2023-07-07 22:50:08
21118981,1268,2023-07-11 11:02:58
21025861,1268,2023-07-07 23:16:52
21068521,1268,2023-06-29 04:54:25
21041211,1268,2023-06-29 09:04:16
21112151,1268,2023-06-29 17:03:08
21115711,1268,2023-07-02 01:12:44
21039741,1268,2023-06-29 04:14:02
21004231,1268,2023-07-12 03:32:42
21093411,1268,2023-06-29 17:34:54
21010151,1268,2023-07-06 11:46:59
21011801,1268,2023-06-28 22:15:47
21097611,1268,2023-06-28 12:04:26
21099581,1268,2023-07-12 18:46:48
21085631,1268,2023-07-08 21:20:39
21094651,1268,2023-06-26 14:25:43
21002721,1268,2023-07-01 13:40:18
21078321,1268,2023-07-07 20:34:55
21048401,1268,2023-07-02 07:03:12
21123231,1268,2023-07-03 22:21:50
21132701,1268,2023-06-29 11:59:01
21094601,1268,2023-07-01 03:26:44
21032491,1268,2023-07-08 21:10:56
21117081,1268,2023-07-03 08:40:54
21093521,1268,2023-07-17 20:48:35
21094651,1326,2023-12-01 15:12:37
21139681,1326,2023-11-24 07:54:40
21068521,1326,2023-12-09 03:23:47
21099921,1326,2023-12-04 02:57:32
21004231,1326,2023-12-03 23:13:26
21031271,1326,2023-12-18 00:01:22
21108531,1326,2023-12-11 19:56:41
21116621,1326,2023-12-09 12:12:05
21094311,1326,2023-12-16 06:31:40
21071061,1326,2023-11-23 22:29:33
21093521,1326,2023-12-06 20:06:42
21100901,1326,2023-11-21 10:03:45
21048401,1326,2023-12-10 17:50:06
21136801,1326,2023-12-01 04:33:04
21090141,1326,2023-12-03 07:31:30
21097611,1326,2023-11-30 03:15:07
21093491,1326,2023-12-06 21:29:20
21117081,1326,2023-11-29 06:12:54
21010131,1326,2023-12-17 01:04:42
21120051,1326,2023-12-11 04:03:23
21011801,1326,2023-12-17 10:03:22
21112151,1326,2023-12-03 22:26:44
21025861,1326,2023-12-15 10:12:27
21054311,1326,2023-11-30 22:20:11
21114651,1326,2023-11-24 23:30:04
21003901,1326,2023-12-02 11:26:50
21121841,1326,2023-11-28 05:52:14
21021471,1326,2023-11-28 08:27:03
21002721,1326,2023-12-09 18:05:30
21040001,1326,2023-11-21 15:44:19
21022831,1326,2023-12-15 20:45:45
21023751,1326,2023-12-04 07:03:18
21026821,1326,2023-12-06 12:25:34
21039741,1326,2023-11-29 17:14:38
21085631,1326,2023-12-16 19:35:30
21017711,1326,2023-11-25 23:39:35
21106181,1326,2023-11-30 18:09:56
21041211,1326,2023-12-07 23:51:24
21094601,1326,2023-12-16 22:15:59
21099741,1326,2023-11-27 20:58:12
21082941,1326,2023-11-27 03:00:43
21078321,1326,2023-11-21 08:22:05
21105891,1326,2023-12-06 23:52:38
21109921,1326,2023-12-17 04:45:56
21096001,1326,2023-11-30 16:02:02
21105251,1326,2023-12-05 22:52:35
21118981,1326,2023-12-15 16:24:17
21093411,1326,2023-12-18 06:31:52
21099581,1326,2023-12-13 18:32:45
21123231,1326,2023-11-29 01:17:46
21074741,1326,2023-12-15 22:07:03
21010151,1326,2023-12-07 13:16:07
21109451,1326,2023-12-04 06:28:25
21104551,1326,2023-11-30 01:03:45
21132701,1326,2023-12-03 00:27:11
21032491,1326,2023-12-09 20:06:51
21000461,1326,2023-12-03 04:17:28
21096511,1326,2023-12-11 17:35:14
21130221,1326,2023-12-13 00:43:47
21115711,1326,2023-12-02 00:58:17
21011801,1324,2023-12-15 10:09:18
21096511,1324,2023-12-03 02:15:53
21132701,1324,2023-12-06 11:38:00
21120051,1324,2023-12-08 04:08:05
21039741,1324,2023-12-05 14:11:13
21136801,1324,2023-12-26 17:43:58
21108531,1324,2023-12-15 17:29:59
21078321,1324,2023-12-09 16:58:31
21117081,1324,2023-12-22 16:10:50
21105251,1324,2023-12-24 17:46:38
21114651,1324,2023-12-12 14:44:51
21074741,1324,2023-12-17 11:17:06
21104551,1324,2023-12-05 07:49:18
21094601,1324,2023-12-19 05:26:52
21106181,1324,2023-12-24 04:20:28
21071061,1324,2023-12-06 19:59:22
21121841,1324,2023-12-25 01:35:29
21090141,1324,2023-12-05 20:51:15
21004231,1324,2023-12-25 21:46:08
21139681,1324,2023-12-15 07:11:14
21112151,1324,2023-12-14 06:06:48
21099741,1324,2023-12-21 06:41:26
21023751,1324,2023-12-07 20:42:57
21040001,1324,2023-12-14 01:46:59
21002721,1324,2023-12-23 10:31:11
21094651,1324,2023-12-22 10:11:12
21105891,1324,2023-12-06 07:55:34
21085631,1324,2023-12-06 15:23:14
21017711,1324,2023-12-09 02:05:40
21054311,1324,2023-12-24 05:48:40
21100901,1324,2023-12-14 02:15:37
21041211,1324,2023-12-10 01:50:22
21048401,1324,2023-12-24 06:52:33
21022831,1324,2023-12-12 18:05:04
21021471,1324,2023-12-26 20:33:29
21003901,1324,2023-12-17 06:26:05
21082941,1324,2023-12-13 05:13:12
21099581,1324,2023-12-22 14:14:19
21097611,1324,2023-12-26 02:50:17
21115711,1324,2023-12-13 03:05:11
21099921,1324,2023-12-15 01:52:53
21094311,1324,2023-12-04 19:59:19
21118981,1324,2023-12-12 13:36:50
21031271,1324,2023-12-14 03:23:23
21010131,1324,2023-12-25 17:37:14
21123231,1324,2023-12-05 15:08:33
21026821,1324,2023-12-14 00:29:49
21109921,1324,2023-12-08 17:25:38
21068521,1324,2023-12-21 16:42:40
21096001,1324,2023-12-21 04:21:41
21093521,1324,2023-12-08 21:24:48
21025861,1324,2023-12-18 19:37:45
21093411,1324,2023-12-15 02:15:16
21010151,1324,2023-12-04 16:34:00
21093491,1324,2023-12-24 13:43:27
21032491,1324,2023-12-19 21:50:42
21130221,1324,2023-12-21 02:42:06
21000461,1324,2023-12-21 09:35:07
21109451,1324,2023-12-13 03:00:49
21116621,1324,2023-12-17 13:14:15
19350751,1311,2023-11-24 17:37:36
19352991,1311,2023-11-27 21:09:04
19353021,1311,2023-11-27 01:26:21
19339711,1311,2023-12-04 17:54:12
19350751,1312,2023-12-01 20:50:50
19352991,1312,2023-12-23 01:10:00
19353021,1312,2023-12-06 18:15:57
19339711,1312,2023-12-21 05:55:38
21022831,1379,2024-07-15 08:45:43
21048401,1379,2024-07-17 11:17:28
21117081,1379,2024-07-03 01:58:47
21106181,1379,2024-07-03 09:50:56
21099581,1379,2024-07-02 04:30:35
21010131,1379,2024-07-07 23:42:40
21096001,1379,2024-07-18 09:40:58
21023751,1379,2024-06-28 00:50:01
21039741,1379,2024-07-14 16:39:32
21112151,1379,2024-07-01 19:49:52
21118981,1379,2024-07-13 09:51:18
21078321,1379,2024-07-07 00:22:06
21011801,1379,2024-07-10 09:54:44
21090141,1379,2024-07-13 15:37:42
21093491,1379,2024-07-02 21:40:59
21074741,1379,2024-07-13 04:41:26
21109451,1379,2024-07-12 10:16:02
21097611,1379,2024-07-12 08:06:47
21094311,1379,2024-07-03 21:04:57
21068521,1379,2024-07-11 02:08:47
21025861,1379,2024-07-05 06:06:27
21071061,1379,2024-07-06 16:21:31
21010151,1379,2024-07-05 11:24:47
21031271,1379,2024-07-05 17:00:38
21082941,1379,2024-07-14 11:53:56
21002721,1379,2024-07-18 03:59:28
21094601,1379,2024-07-16 16:07:05
21085631,1379,2024-07-07 17:19:49
21000461,1379,2024-07-08 09:39:34
21093411,1379,2024-06-30 13:36:49
21123231,1379,2024-07-13 01:12:40
21108531,1379,2024-07-16 05:11:41
21114651,1379,2024-07-18 10:16:54
21026821,1379,2024-07-10 14:39:57
21096511,1379,2024-07-14 09:33:04
21120051,1379,2024-07-18 06:23:03
21093521,1379,2024-07-07 13:54:45
21132701,1379,2024-07-02 18:10:41
21105891,1379,2024-07-12 10:53:07
21104551,1379,2024-07-18 16:01:02
21041211,1379,2024-07-06 13:57:32
21115711,1379,2024-07-02 10:12:57
21004231,1379,2024-07-16 01:28:28
21054311,1379,2024-07-12 06:04:39
21094651,1379,2024-07-13 20:36:24
21100901,1379,2024-07-02 17:17:36
21139681,1379,2024-07-09 13:04:36
21017711,1379,2024-07-18 13:04:32
21121841,1379,2024-07-16 05:48:43
21105251,1379,2024-07-08 02:02:28
21099921,1379,2024-07-06 20:16:33
21003901,1379,2024-07-09 13:19:11
21116621,1379,2024-07-07 19:07:07
21040001,1379,2024-07-13 20:54:49
21021471,1379,2024-07-18 02:38:26
21136801,1379,2024-06-29 20:53:03
21032491,1379,2024-07-10 03:09:27
21130221,1379,2024-07-10 07:41:45
21099741,1379,2024-07-01 23:41:01
21109921,1379,2024-06-30 08:16:16
21048401,1402,2024-07-15 18:07:48
21120051,1402,2024-06-22 16:18:51
21121841,1402,2024-07-11 08:30:11
21097611,1402,2024-07-06 21:34:23
21105251,1402,2024-07-08 19:08:21
21039741,1402,2024-07-13 06:52:41
21085631,1402,2024-06-25 01:24:07
21074741,1402,2024-06-26 22:59:37
21094601,1402,2024-06-24 14:59:21
21040001,1402,2024-07-07 22:41:44
21132701,1402,2024-06-29 21:13:53
21112151,1402,2024-07-13 00:30:27
21094311,1402,2024-06-26 17:02:30
21004231,1402,2024-07-08 20:42:11
21054311,1402,2024-07-04 01:03:11
21114651,1402,2024-07-01 15:55:44
21109451,1402,2024-07-05 18:10:35
21099921,1402,2024-06-23 22:18:23
21003901,1402,2024-06-22 12:43:48
21023751,1402,2024-07-01 23:54:16
21118981,1402,2024-07-07 07:43:41
21108531,1402,2024-07-06 18:19:43
21123231,1402,2024-06-21 16:20:00
21104551,1402,2024-07-09 08:46:49
21093411,1402,2024-06-29 16:35:25
21105891,1402,2024-06-21 04:03:17
21022831,1402,2024-07-09 12:17:08
21130221,1402,2024-07-12 04:55:54
21106181,1402,2024-07-09 20:23:01
21099581,1402,2024-06-21 23:11:28
21109921,1402,2024-07-01 04:11:18
21115711,1402,2024-07-04 15:38:02
21096001,1402,2024-07-13 07:52:33
21017711,1402,2024-07-11 14:48:13
21096511,1402,2024-06-28 02:57:48
21117081,1402,2024-07-12 21:11:20
21071061,1402,2024-06-27 10:33:21
21139681,1402,2024-07-01 05:03:41
21093491,1402,2024-06-28 00:18:18
21010131,1402,2024-06-29 00:53:49
21032491,1402,2024-07-13 12:55:47
21100901,1402,2024-06-29 11:54:46
21010151,1402,2024-06-30 15:59:17
21099741,1402,2024-06-22 06:03:05
21078321,1402,2024-07-15 21:04:38
21068521,1402,2024-06-22 06:48:35
21031271,1402,2024-06-24 23:17:24
21090141,1402,2024-07-09 15:23:27
21041211,1402,2024-06-25 03:11:09
21093521,1402,2024-07-09 00:00:29
21026821,1402,2024-07-01 23:12:28
21021471,1402,2024-07-03 10:00:02
21116621,1402,2024-06-25 05:17:16
21011801,1402,2024-07-07 18:17:37
21025861,1402,2024-07-10 16:50:19
21082941,1402,2024-07-15 18:25:29
21094651,1402,2024-07-13 04:51:58
21000461,1402,2024-06-24 18:06:22
21136801,1402,2024-06-27 01:12:35
21002721,1402,2024-06-27 21:51:55
